DateTime, CO2_MNT[ppm], CO2_LL1m[ppm], CO2_LL13m[ppm]
2025/02/01 00:00, 2015.555419921875, 2011.653076171875, 509.78057861328125
2025/02/01 00:15, 2015.555419921875, 2011.653076171875, 509.7386474609375
2025/02/01 00:30, 2015.513427734375, 2011.653076171875, 510.74578857421875
2025/02/01 00:45, 2015.59765625, 2011.653076171875, 510.577880859375
2025/02/01 01:00, 2015.513427734375, 2011.569091796875, 508.60565185546875
2025/02/01 01:15, 2015.555419921875, 2011.611083984375, 511.96270751953125
2025/02/01 01:30, 2015.4296875, 2011.611083984375, 509.9903564453125
2025/02/01 01:45, 2015.4716796875, 2011.611083984375, 510.8297119140625
2025/02/01 02:00, 2015.4716796875, 2011.527099609375, 510.53594970703125
2025/02/01 02:15, 2015.555419921875, 2011.653076171875, 510.4520263671875
2025/02/01 02:30, 2015.513427734375, 2011.737060546875, 508.0181884765625
2025/02/01 02:45, 2015.513427734375, 2011.569091796875, 508.0601806640625
2025/02/01 03:00, 2015.4716796875, 2011.569091796875, 510.577880859375
2025/02/01 03:15, 2015.59765625, 2011.611083984375, 511.83673095703125
2025/02/01 03:30, 2015.4296875, 2011.569091796875, 511.33319091796875
2025/02/01 03:45, 2015.555419921875, 2011.653076171875, 511.24932861328125
2025/02/01 04:00, 2015.513427734375, 2011.653076171875, 508.22796630859375
2025/02/01 04:15, 2015.513427734375, 2011.611083984375, 513.2634887695312
2025/02/01 04:30, 2015.4716796875, 2011.569091796875, 515.1098022460938
2025/02/01 04:45, 2015.513427734375, 2011.611083984375, 513.4313354492188
2025/02/01 05:00, 2015.513427734375, 2011.611083984375, 514.1447143554688
2025/02/01 05:15, 2015.513427734375, 2011.611083984375, 515.361572265625
2025/02/01 05:30, 2015.513427734375, 2011.695068359375, 513.7670288085938
2025/02/01 05:45, 2015.513427734375, 2011.653076171875, 514.5223388671875
2025/02/01 06:00, 2015.4716796875, 2011.611083984375, 512.3402709960938
2025/02/01 06:15, 2015.513427734375, 2011.695068359375, 516.2427978515625
2025/02/01 06:30, 2015.513427734375, 2011.569091796875, 515.6134033203125
2025/02/01 06:45, 2015.513427734375, 2011.611083984375, 514.3125
2025/02/01 07:00, 2015.555419921875, 2011.569091796875, 513.8089599609375
2025/02/01 07:15, 2015.555419921875, 2011.695068359375, 511.54296875
2025/02/01 07:30, 2015.555419921875, 2011.611083984375, 513.8089599609375
2025/02/01 07:45, 2015.513427734375, 2011.695068359375, 508.98333740234375
2025/02/01 08:00, 2015.513427734375, 2011.695068359375, 500.8006591796875
2025/02/01 08:15, 2015.59765625, 2011.695068359375, 491.02349853515625
2025/02/01 08:30, 2015.513427734375, 2011.653076171875, 478.64459228515625
2025/02/01 08:45, 2015.555419921875, 2011.527099609375, 471.17523193359375
2025/02/01 09:00, 2015.3876953125, 2011.569091796875, 458.83837890625
2025/02/01 09:15, 2015.4296875, 2011.569091796875, 449.0611572265625
2025/02/01 09:30, 2015.555419921875, 2011.527099609375, 438.23486328125
2025/02/01 09:45, 2015.513427734375, 2011.527099609375, 424.72308349609375
2025/02/01 10:00, 2015.555419921875, 2011.443359375, 416.8341064453125
2025/02/01 10:15, 2015.555419921875, 2011.401123046875, 403.615966796875
2025/02/01 10:30, 2015.513427734375, 2011.4853515625, 397.48956298828125
2025/02/01 10:45, 2015.639404296875, 2011.443359375, 392.412109375
2025/02/01 11:00, 2015.555419921875, 2011.4853515625, 391.78271484375
2025/02/01 11:15, 2015.639404296875, 2011.4853515625, 391.1951904296875
2025/02/01 11:30, 2015.639404296875, 2011.401123046875, 387.922119140625
2025/02/01 11:45, 2015.681396484375, 2011.401123046875, 385.57220458984375
2025/02/01 12:00, 2015.639404296875, 2011.4853515625, 383.2642822265625
2025/02/01 12:15, 2015.681396484375, 2011.443359375, 384.3553466796875
2025/02/01 12:30, 2015.639404296875, 2011.443359375, 381.37603759765625
2025/02/01 12:45, 2015.639404296875, 2011.401123046875, 383.93572998046875
2025/02/01 13:00, 2015.681396484375, 2011.401123046875, 385.48834228515625
2025/02/01 13:15, 2015.59765625, 2011.4853515625, 386.53741455078125
2025/02/01 13:30, 2015.639404296875, 2011.401123046875, 387.37664794921875
2025/02/01 13:45, 2015.59765625, 2011.443359375, 389.1390380859375
2025/02/01 14:00, 2015.639404296875, 2011.401123046875, 390.77557373046875
2025/02/01 14:15, 2015.681396484375, 2011.401123046875, 392.4959716796875
2025/02/01 14:30, 2015.681396484375, 2011.527099609375, 395.76904296875
2025/02/01 14:45, 2015.639404296875, 2011.4853515625, 396.146728515625
2025/02/01 15:00, 2015.681396484375, 2011.4853515625, 398.6644287109375
2025/02/01 15:15, 2015.681396484375, 2011.4853515625, 401.0982666015625
2025/02/01 15:30, 2015.681396484375, 2011.401123046875, 400.259033203125
2025/02/01 15:45, 2015.639404296875, 2011.527099609375, 400.63665771484375
2025/02/01 16:00, 2015.681396484375, 2011.527099609375, 401.559814453125
2025/02/01 16:15, 2015.639404296875, 2011.4853515625, 403.78387451171875
2025/02/01 16:30, 2015.639404296875, 2011.4853515625, 404.83294677734375
2025/02/01 16:45, 2015.59765625, 2011.443359375, 405.96588134765625
2025/02/01 17:00, 2015.681396484375, 2011.4853515625, 408.44171142578125
2025/02/01 17:15, 2015.555419921875, 2011.4853515625, 412.05047607421875
2025/02/01 17:30, 2015.555419921875, 2011.443359375, 417.67333984375
2025/02/01 17:45, 2015.513427734375, 2011.4853515625, 422.876708984375
2025/02/01 18:00, 2015.513427734375, 2011.443359375, 435.9688720703125
2025/02/01 18:15, 2015.513427734375, 2011.527099609375, 444.94879150390625
2025/02/01 18:30, 2015.513427734375, 2011.443359375, 454.43231201171875
2025/02/01 18:45, 2015.555419921875, 2011.443359375, 463.37030029296875
2025/02/01 19:00, 2015.4716796875, 2011.4853515625, 469.2869873046875
2025/02/01 19:15, 2015.4716796875, 2011.401123046875, 475.03582763671875
2025/02/01 19:30, 2015.513427734375, 2011.4853515625, 479.35797119140625
2025/02/01 19:45, 2015.4716796875, 2011.443359375, 487.1209716796875
2025/02/01 20:00, 2015.555419921875, 2011.569091796875, 489.68072509765625
2025/02/01 20:15, 2015.4716796875, 2011.4853515625, 494.6741943359375
2025/02/01 20:30, 2015.4716796875, 2011.401123046875, 499.08026123046875
2025/02/01 20:45, 2015.555419921875, 2011.4853515625, 500.8426513671875
2025/02/01 21:00, 2015.513427734375, 2011.4853515625, 506.08795166015625
2025/02/01 21:15, 2015.555419921875, 2011.569091796875, 505.71026611328125
2025/02/01 21:30, 2015.513427734375, 2011.4853515625, 506.42364501953125
2025/02/01 21:45, 2015.4716796875, 2011.527099609375, 506.3397216796875
2025/02/01 22:00, 2015.4716796875, 2011.4853515625, 508.47979736328125
2025/02/01 22:15, 2015.4296875, 2011.4853515625, 509.3609619140625
2025/02/01 22:30, 2015.3876953125, 2011.527099609375, 510.4520263671875
2025/02/01 22:45, 2015.59765625, 2011.4853515625, 511.6689453125
2025/02/01 23:00, 2015.3876953125, 2011.443359375, 511.291259765625
2025/02/01 23:15, 2015.4716796875, 2011.4853515625, 514.1027221679688
2025/02/01 23:30, 2015.513427734375, 2011.4853515625, 514.1866455078125
2025/02/01 23:45, 2015.513427734375, 2011.443359375, 514.690185546875
2025/02/02 00:00, 2015.4716796875, 2011.527099609375, 515.8651123046875
2025/02/02 00:15, 2015.513427734375, 2011.569091796875, 515.1517333984375
2025/02/02 00:30, 2015.513427734375, 2011.569091796875, 509.82257080078125
2025/02/02 00:45, 2015.513427734375, 2011.695068359375, 516.2847290039062
2025/02/02 01:00, 2015.555419921875, 2011.611083984375, 512.4661254882812
2025/02/02 01:15, 2015.59765625, 2011.77880859375, 513.5571899414062
2025/02/02 01:30, 2015.555419921875, 2011.695068359375, 511.58502197265625
2025/02/02 01:45, 2015.4716796875, 2011.611083984375, 509.3609619140625
2025/02/02 02:00, 2015.555419921875, 2011.653076171875, 512.8019409179688
2025/02/02 02:15, 2015.555419921875, 2011.695068359375, 509.4029541015625
2025/02/02 02:30, 2015.59765625, 2011.737060546875, 510.91357421875
2025/02/02 02:45, 2015.4296875, 2011.695068359375, 508.94134521484375
2025/02/02 03:00, 2015.513427734375, 2011.695068359375, 510.577880859375
2025/02/02 03:15, 2015.513427734375, 2011.653076171875, 510.74578857421875
2025/02/02 03:30, 2015.513427734375, 2011.695068359375, 509.4029541015625
2025/02/02 03:45, 2015.59765625, 2011.653076171875, 514.9839477539062
2025/02/02 04:00, 2015.4716796875, 2011.569091796875, 513.68310546875
2025/02/02 04:15, 2015.555419921875, 2011.611083984375, 516.116943359375
2025/02/02 04:30, 2015.513427734375, 2011.611083984375, 515.3196411132812
2025/02/02 04:45, 2015.4296875, 2011.569091796875, 516.36865234375
2025/02/02 05:00, 2015.513427734375, 2011.611083984375, 514.9419555664062
2025/02/02 05:15, 2015.555419921875, 2011.569091796875, 519.13818359375
2025/02/02 05:30, 2015.4716796875, 2011.527099609375, 518.0891723632812
2025/02/02 05:45, 2015.513427734375, 2011.569091796875, 520.187255859375
2025/02/02 06:00, 2015.513427734375, 2011.569091796875, 520.103271484375
2025/02/02 06:15, 2015.513427734375, 2011.611083984375, 517.543701171875
2025/02/02 06:30, 2015.513427734375, 2011.569091796875, 520.3131103515625
2025/02/02 06:45, 2015.513427734375, 2011.569091796875, 520.900634765625
2025/02/02 07:00, 2015.555419921875, 2011.611083984375, 518.2570190429688
2025/02/02 07:15, 2015.513427734375, 2011.527099609375, 518.7185668945312
2025/02/02 07:30, 2015.513427734375, 2011.527099609375, 520.5228881835938
2025/02/02 07:45, 2015.4716796875, 2011.527099609375, 515.6552734375
2025/02/02 08:00, 2015.555419921875, 2011.653076171875, 506.67535400390625
2025/02/02 08:15, 2015.513427734375, 2011.569091796875, 495.6812744140625
2025/02/02 08:30, 2015.4716796875, 2011.4853515625, 480.9525146484375
2025/02/02 08:45, 2015.513427734375, 2011.4853515625, 473.609130859375
2025/02/02 09:00, 2015.59765625, 2011.443359375, 463.6640625
2025/02/02 09:15, 2015.59765625, 2011.443359375, 452.9217529296875
2025/02/02 09:30, 2015.639404296875, 2011.4853515625, 444.0257568359375
2025/02/02 09:45, 2015.555419921875, 2011.401123046875, 437.0599365234375
2025/02/02 10:00, 2015.59765625, 2011.443359375, 428.66754150390625
2025/02/02 10:15, 2015.4716796875, 2011.3173828125, 419.8553466796875
2025/02/02 10:30, 2015.59765625, 2011.359375, 414.98779296875
2025/02/02 10:45, 2015.4716796875, 2011.359375, 412.05047607421875
2025/02/02 11:00, 2015.555419921875, 2011.275390625, 409.826416015625
2025/02/02 11:15, 2015.59765625, 2011.3173828125, 404.37127685546875
2025/02/02 11:30, 2015.639404296875, 2011.3173828125, 402.94464111328125
2025/02/02 11:45, 2015.639404296875, 2011.3173828125, 397.27972412109375
2025/02/02 12:00, 2015.639404296875, 2011.2333984375, 394.048583984375
2025/02/02 12:15, 2015.513427734375, 2011.275390625, 392.83172607421875
2025/02/02 12:30, 2015.513427734375, 2011.3173828125, 391.02728271484375
2025/02/02 12:45, 2015.555419921875, 2011.359375, 390.90142822265625
2025/02/02 13:00, 2015.639404296875, 2011.275390625, 389.72650146484375
2025/02/02 13:15, 2015.59765625, 2011.3173828125, 390.27203369140625
2025/02/02 13:30, 2015.639404296875, 2011.3173828125, 389.93634033203125
2025/02/02 13:45, 2015.59765625, 2011.3173828125, 394.5521240234375
2025/02/02 14:00, 2015.513427734375, 2011.3173828125, 392.1602783203125
2025/02/02 14:15, 2015.59765625, 2011.359375, 394.42626953125
2025/02/02 14:30, 2015.681396484375, 2011.443359375, 394.5941162109375
2025/02/02 14:45, 2015.555419921875, 2011.3173828125, 397.61541748046875
2025/02/02 15:00, 2015.59765625, 2011.401123046875, 397.48956298828125
2025/02/02 15:15, 2015.59765625, 2011.359375, 400.67864990234375
2025/02/02 15:30, 2015.59765625, 2011.359375, 401.22418212890625
2025/02/02 15:45, 2015.681396484375, 2011.401123046875, 405.29443359375
2025/02/02 16:00, 2015.639404296875, 2011.443359375, 404.37127685546875
2025/02/02 16:15, 2015.59765625, 2011.359375, 406.76324462890625
2025/02/02 16:30, 2015.513427734375, 2011.401123046875, 407.2247314453125
2025/02/02 16:45, 2015.59765625, 2011.401123046875, 409.40679931640625
2025/02/02 17:00, 2015.555419921875, 2011.359375, 412.55401611328125
2025/02/02 17:15, 2015.59765625, 2011.359375, 414.652099609375
2025/02/02 17:30, 2015.59765625, 2011.359375, 421.82769775390625
2025/02/02 17:45, 2015.4716796875, 2011.275390625, 427.57647705078125
2025/02/02 18:00, 2015.555419921875, 2011.3173828125, 435.42340087890625
2025/02/02 18:15, 2015.4716796875, 2011.275390625, 446.45947265625
2025/02/02 18:30, 2015.4296875, 2011.359375, 459.63568115234375
2025/02/02 18:45, 2015.555419921875, 2011.359375, 466.85321044921875
2025/02/02 19:00, 2015.555419921875, 2011.401123046875, 471.7208251953125
2025/02/02 19:15, 2015.513427734375, 2011.443359375, 477.30181884765625
2025/02/02 19:30, 2015.513427734375, 2011.359375, 481.74981689453125
2025/02/02 19:45, 2015.4716796875, 2011.401123046875, 489.47088623046875
2025/02/02 20:00, 2015.513427734375, 2011.401123046875, 491.3172607421875
2025/02/02 20:15, 2015.4296875, 2011.359375, 493.499267578125
2025/02/02 20:30, 2015.4716796875, 2011.401123046875, 496.898193359375
2025/02/02 20:45, 2015.4716796875, 2011.401123046875, 500.2132568359375
2025/02/02 21:00, 2015.513427734375, 2011.359375, 501.34619140625
2025/02/02 21:15, 2015.4716796875, 2011.443359375, 507.808349609375
2025/02/02 21:30, 2015.513427734375, 2011.527099609375, 507.3048095703125
2025/02/02 21:45, 2015.4716796875, 2011.443359375, 510.619873046875
2025/02/02 22:00, 2015.513427734375, 2011.4853515625, 510.87164306640625
2025/02/02 22:15, 2015.4296875, 2011.443359375, 514.690185546875
2025/02/02 22:30, 2015.555419921875, 2011.443359375, 514.3545532226562
2025/02/02 22:45, 2015.555419921875, 2011.4853515625, 516.5365600585938
2025/02/02 23:00, 2015.4716796875, 2011.443359375, 518.3408813476562
2025/02/02 23:15, 2015.59765625, 2011.4853515625, 518.0051879882812
2025/02/02 23:30, 2015.59765625, 2011.569091796875, 515.7392578125
2025/02/02 23:45, 2015.513427734375, 2011.443359375, 517.5855712890625
2025/02/03 00:00, 2015.4716796875, 2011.4853515625, 512.9277954101562
2025/02/03 00:15, 2015.513427734375, 2011.443359375, 519.0962524414062
2025/02/03 00:30, 2015.3876953125, 2011.443359375, 516.4945068359375
2025/02/03 00:45, 2015.513427734375, 2011.443359375, 519.0542602539062
2025/02/03 01:00, 2015.513427734375, 2011.569091796875, 521.0264892578125
2025/02/03 01:15, 2015.555419921875, 2011.443359375, 518.6346435546875
2025/02/03 01:30, 2015.4716796875, 2011.4853515625, 519.1801147460938
2025/02/03 01:45, 2015.513427734375, 2011.527099609375, 520.0194702148438
2025/02/03 02:00, 2015.555419921875, 2011.569091796875, 522.7469482421875
2025/02/03 02:15, 2015.555419921875, 2011.527099609375, 522.0755004882812
2025/02/03 02:30, 2015.4716796875, 2011.569091796875, 523.4183349609375
2025/02/03 02:45, 2015.555419921875, 2011.527099609375, 524.215576171875
2025/02/03 03:00, 2015.555419921875, 2011.527099609375, 521.1943359375
2025/02/03 03:15, 2015.4716796875, 2011.527099609375, 524.4254150390625
2025/02/03 03:30, 2015.4296875, 2011.4853515625, 522.3273315429688
2025/02/03 03:45, 2015.4296875, 2011.527099609375, 522.1594848632812
2025/02/03 04:00, 2015.4296875, 2011.4853515625, 522.243408203125
2025/02/03 04:15, 2015.3876953125, 2011.527099609375, 521.7818603515625
2025/02/03 04:30, 2015.4716796875, 2011.443359375, 519.9774169921875
2025/02/03 04:45, 2015.3876953125, 2011.527099609375, 519.9354858398438
2025/02/03 05:00, 2015.4716796875, 2011.527099609375, 519.6417846679688
2025/02/03 05:15, 2015.4296875, 2011.4853515625, 519.0542602539062
2025/02/03 05:30, 2015.513427734375, 2011.527099609375, 522.3273315429688
2025/02/03 05:45, 2015.513427734375, 2011.653076171875, 522.0755004882812
2025/02/03 06:00, 2015.3876953125, 2011.4853515625, 522.0755004882812
2025/02/03 06:15, 2015.4296875, 2011.4853515625, 523.4183349609375
2025/02/03 06:30, 2015.4716796875, 2011.527099609375, 525.1807861328125
2025/02/03 06:45, 2015.513427734375, 2011.569091796875, 524.8870849609375
2025/02/03 07:00, 2015.513427734375, 2011.569091796875, 521.3622436523438
2025/02/03 07:15, 2015.513427734375, 2011.527099609375, 520.7327270507812
2025/02/03 07:30, 2015.4716796875, 2011.569091796875, 517.7534790039062
2025/02/03 07:45, 2015.4716796875, 2011.569091796875, 514.5223388671875
2025/02/03 08:00, 2015.513427734375, 2011.527099609375, 502.017578125
2025/02/03 08:15, 2015.4296875, 2011.527099609375, 496.0589599609375
2025/02/03 08:30, 2015.59765625, 2011.4853515625, 481.5819091796875
2025/02/03 08:45, 2015.555419921875, 2011.569091796875, 473.31536865234375
2025/02/03 09:00, 2015.4716796875, 2011.443359375, 463.1605224609375
2025/02/03 09:15, 2015.4716796875, 2011.4853515625, 454.2645263671875
2025/02/03 09:30, 2015.555419921875, 2011.401123046875, 443.77392578125
2025/02/03 09:45, 2015.513427734375, 2011.401123046875, 435.80108642578125
2025/02/03 10:00, 2015.59765625, 2011.401123046875, 430.63970947265625
2025/02/03 10:15, 2015.555419921875, 2011.4853515625, 421.2821044921875
2025/02/03 10:30, 2015.59765625, 2011.443359375, 416.1207275390625
2025/02/03 10:45, 2015.639404296875, 2011.443359375, 410.7076416015625
2025/02/03 11:00, 2015.59765625, 2011.401123046875, 409.7005615234375
2025/02/03 11:15, 2015.59765625, 2011.359375, 403.1124267578125
2025/02/03 11:30, 2015.639404296875, 2011.359375, 407.098876953125
2025/02/03 11:45, 2015.555419921875, 2011.359375, 407.182861328125
2025/02/03 12:00, 2015.639404296875, 2011.359375, 409.868408203125
2025/02/03 12:15, 2015.555419921875, 2011.3173828125, 408.14794921875
2025/02/03 12:30, 2015.639404296875, 2011.359375, 400.4688720703125
2025/02/03 12:45, 2015.513427734375, 2011.275390625, 398.07696533203125
2025/02/03 13:00, 2015.555419921875, 2011.3173828125, 399.41973876953125
2025/02/03 13:15, 2015.555419921875, 2011.275390625, 394.46826171875
2025/02/03 13:30, 2015.555419921875, 2011.275390625, 399.96533203125
2025/02/03 13:45, 2015.4716796875, 2011.2333984375, 398.916259765625
2025/02/03 14:00, 2015.59765625, 2011.19140625, 399.96533203125
2025/02/03 14:15, 2015.555419921875, 2011.3173828125, 401.51788330078125
2025/02/03 14:30, 2015.4716796875, 2011.275390625, 407.770263671875
2025/02/03 14:45, 2015.4296875, 2011.2333984375, 411.71478271484375
2025/02/03 15:00, 2015.513427734375, 2011.275390625, 414.23248291015625
2025/02/03 15:15, 2015.4716796875, 2011.275390625, 411.630859375
2025/02/03 15:30, 2015.513427734375, 2011.3173828125, 409.19696044921875
2025/02/03 15:45, 2015.555419921875, 2011.359375, 409.6165771484375
2025/02/03 16:00, 2015.513427734375, 2011.3173828125, 409.6165771484375
2025/02/03 16:15, 2015.513427734375, 2011.3173828125, 409.91033935546875
2025/02/03 16:30, 2015.555419921875, 2011.275390625, 410.83349609375
2025/02/03 16:45, 2015.4716796875, 2011.3173828125, 410.3299560546875
2025/02/03 17:00, 2015.513427734375, 2011.2333984375, 410.83349609375
2025/02/03 17:15, 2015.59765625, 2011.275390625, 414.98779296875
2025/02/03 17:30, 2015.59765625, 2011.275390625, 419.477783203125
2025/02/03 17:45, 2015.4296875, 2011.19140625, 423.548095703125
2025/02/03 18:00, 2015.513427734375, 2011.275390625, 430.09423828125
2025/02/03 18:15, 2015.3876953125, 2011.065673828125, 446.03985595703125
2025/02/03 18:30, 2015.345703125, 2011.19140625, 458.502685546875
2025/02/03 18:45, 2015.4296875, 2011.3173828125, 467.35675048828125
2025/02/03 19:00, 2015.4296875, 2011.275390625, 469.83245849609375
2025/02/03 19:15, 2015.3876953125, 2011.275390625, 475.4554443359375
2025/02/03 19:30, 2015.3876953125, 2011.2333984375, 483.176513671875
2025/02/03 19:45, 2015.3876953125, 2011.359375, 488.4637451171875
2025/02/03 20:00, 2015.3876953125, 2011.2333984375, 489.59674072265625
2025/02/03 20:15, 2015.513427734375, 2011.3173828125, 497.31781005859375
2025/02/03 20:30, 2015.3876953125, 2011.359375, 504.36749267578125
2025/02/03 20:45, 2015.4296875, 2011.3173828125, 506.88519287109375
2025/02/03 21:00, 2015.4296875, 2011.359375, 505.2906494140625
2025/02/03 21:15, 2015.3876953125, 2011.359375, 507.85040283203125
2025/02/03 21:30, 2015.513427734375, 2011.4853515625, 509.10919189453125
2025/02/03 21:45, 2015.513427734375, 2011.443359375, 511.12335205078125
2025/02/03 22:00, 2015.4716796875, 2011.401123046875, 516.704345703125
2025/02/03 22:15, 2015.4716796875, 2011.443359375, 518.2989501953125
2025/02/03 22:30, 2015.4716796875, 2011.401123046875, 517.9212646484375
2025/02/03 22:45, 2015.4296875, 2011.359375, 520.3131103515625
2025/02/03 23:00, 2015.513427734375, 2011.443359375, 520.942626953125
2025/02/03 23:15, 2015.3876953125, 2011.359375, 520.1453247070312
2025/02/03 23:30, 2015.4716796875, 2011.443359375, 526.06201171875
2025/02/03 23:45, 2015.345703125, 2011.359375, 522.4531860351562
2025/02/04 00:00, 2015.3876953125, 2011.359375, 523.33447265625
2025/02/04 00:15, 2015.4296875, 2011.527099609375, 522.2014770507812
2025/02/04 00:30, 2015.4296875, 2011.527099609375, 516.1588745117188
2025/02/04 00:45, 2015.4716796875, 2011.569091796875, 518.7185668945312
2025/02/04 01:00, 2015.345703125, 2011.569091796875, 520.9845581054688
2025/02/04 01:15, 2015.513427734375, 2011.569091796875, 521.6979370117188
2025/02/04 01:30, 2015.4716796875, 2011.611083984375, 519.473876953125
2025/02/04 01:45, 2015.555419921875, 2011.611083984375, 520.6488647460938
2025/02/04 02:00, 2015.4716796875, 2011.569091796875, 519.5578002929688
2025/02/04 02:15, 2015.4716796875, 2011.611083984375, 519.3480224609375
2025/02/04 02:30, 2015.513427734375, 2011.653076171875, 519.7257080078125
2025/02/04 02:45, 2015.4716796875, 2011.569091796875, 518.9284057617188
2025/02/04 03:00, 2015.513427734375, 2011.569091796875, 519.473876953125
2025/02/04 03:15, 2015.3876953125, 2011.527099609375, 519.7257080078125
2025/02/04 03:30, 2015.4716796875, 2011.527099609375, 518.2989501953125
2025/02/04 03:45, 2015.513427734375, 2011.527099609375, 521.3202514648438
2025/02/04 04:00, 2015.4716796875, 2011.443359375, 521.6558837890625
2025/02/04 04:15, 2015.513427734375, 2011.527099609375, 521.7398681640625
2025/02/04 04:30, 2015.3876953125, 2011.611083984375, 522.285400390625
2025/02/04 04:45, 2015.3876953125, 2011.569091796875, 523.1665649414062
2025/02/04 05:00, 2015.4716796875, 2011.443359375, 522.5371704101562
2025/02/04 05:15, 2015.4296875, 2011.4853515625, 520.4810180664062
2025/02/04 05:30, 2015.4296875, 2011.401123046875, 518.047119140625
2025/02/04 05:45, 2015.345703125, 2011.443359375, 521.4041748046875
2025/02/04 06:00, 2015.4716796875, 2011.527099609375, 519.3060913085938
2025/02/04 06:15, 2015.4716796875, 2011.4853515625, 520.5228881835938
2025/02/04 06:30, 2015.4716796875, 2011.443359375, 520.0194702148438
2025/02/04 06:45, 2015.3876953125, 2011.4853515625, 521.4041748046875
2025/02/04 07:00, 2015.513427734375, 2011.443359375, 522.243408203125
2025/02/04 07:15, 2015.4296875, 2011.527099609375, 522.8308715820312
2025/02/04 07:30, 2015.4716796875, 2011.611083984375, 520.7747192382812
2025/02/04 07:45, 2015.4716796875, 2011.4853515625, 517.08203125
2025/02/04 08:00, 2015.513427734375, 2011.4853515625, 511.71087646484375
2025/02/04 08:15, 2015.555419921875, 2011.4853515625, 500.339111328125
2025/02/04 08:30, 2015.513427734375, 2011.4853515625, 487.75042724609375
2025/02/04 08:45, 2015.555419921875, 2011.4853515625, 476.1688232421875
2025/02/04 09:00, 2015.513427734375, 2011.359375, 463.5382080078125
2025/02/04 09:15, 2015.4716796875, 2011.4853515625, 450.19415283203125
2025/02/04 09:30, 2015.4716796875, 2011.401123046875, 442.011474609375
2025/02/04 09:45, 2015.555419921875, 2011.401123046875, 431.730712890625
2025/02/04 10:00, 2015.4716796875, 2011.443359375, 428.1219482421875
2025/02/04 10:15, 2015.4716796875, 2011.443359375, 421.15625
2025/02/04 10:30, 2015.4296875, 2011.359375, 413.980712890625
2025/02/04 10:45, 2015.4716796875, 2011.359375, 415.7431640625
2025/02/04 11:00, 2015.513427734375, 2011.359375, 407.39263916015625
2025/02/04 11:15, 2015.59765625, 2011.359375, 399.92327880859375
2025/02/04 11:30, 2015.555419921875, 2011.3173828125, 396.230712890625
2025/02/04 11:45, 2015.59765625, 2011.401123046875, 392.32818603515625
2025/02/04 12:00, 2015.59765625, 2011.359375, 388.84527587890625
2025/02/04 12:15, 2015.555419921875, 2011.3173828125, 385.11065673828125
2025/02/04 12:30, 2015.639404296875, 2011.401123046875, 383.39013671875
2025/02/04 12:45, 2015.513427734375, 2011.2333984375, 384.481201171875
2025/02/04 13:00, 2015.555419921875, 2011.275390625, 383.05450439453125
2025/02/04 13:15, 2015.639404296875, 2011.275390625, 383.89373779296875
2025/02/04 13:30, 2015.59765625, 2011.359375, 384.14556884765625
2025/02/04 13:45, 2015.555419921875, 2011.275390625, 385.5302734375
2025/02/04 14:00, 2015.513427734375, 2011.359375, 384.77496337890625
2025/02/04 14:15, 2015.639404296875, 2011.359375, 385.9918212890625
2025/02/04 14:30, 2015.59765625, 2011.3173828125, 386.24365234375
2025/02/04 14:45, 2015.555419921875, 2011.359375, 387.12481689453125
2025/02/04 15:00, 2015.681396484375, 2011.443359375, 388.2998046875
2025/02/04 15:15, 2015.639404296875, 2011.401123046875, 389.09710693359375
2025/02/04 15:30, 2015.639404296875, 2011.4853515625, 388.63543701171875
2025/02/04 15:45, 2015.555419921875, 2011.401123046875, 390.02020263671875
2025/02/04 16:00, 2015.555419921875, 2011.443359375, 389.43280029296875
2025/02/04 16:15, 2015.639404296875, 2011.443359375, 392.32818603515625
2025/02/04 16:30, 2015.59765625, 2011.4853515625, 394.5521240234375
2025/02/04 16:45, 2015.639404296875, 2011.527099609375, 395.8948974609375
2025/02/04 17:00, 2015.59765625, 2011.359375, 397.11181640625
2025/02/04 17:15, 2015.555419921875, 2011.359375, 403.1124267578125
2025/02/04 17:30, 2015.555419921875, 2011.3173828125, 409.53265380859375
2025/02/04 17:45, 2015.555419921875, 2011.359375, 417.58941650390625
2025/02/04 18:00, 2015.59765625, 2011.359375, 425.93994140625
2025/02/04 18:15, 2015.555419921875, 2011.359375, 438.23486328125
2025/02/04 18:30, 2015.513427734375, 2011.359375, 450.48785400390625
2025/02/04 18:45, 2015.4296875, 2011.401123046875, 460.34906005859375
2025/02/04 19:00, 2015.513427734375, 2011.359375, 466.68536376953125
2025/02/04 19:15, 2015.513427734375, 2011.401123046875, 471.55291748046875
2025/02/04 19:30, 2015.4716796875, 2011.401123046875, 475.8331298828125
2025/02/04 19:45, 2015.4716796875, 2011.401123046875, 482.37921142578125
2025/02/04 20:00, 2015.4296875, 2011.443359375, 486.82720947265625
2025/02/04 20:15, 2015.555419921875, 2011.359375, 491.52703857421875
2025/02/04 20:30, 2015.4716796875, 2011.359375, 497.06597900390625
2025/02/04 20:45, 2015.4716796875, 2011.401123046875, 499.33197021484375
2025/02/04 21:00, 2015.3876953125, 2011.401123046875, 501.22027587890625
2025/02/04 21:15, 2015.4716796875, 2011.4853515625, 500.255126953125
2025/02/04 21:30, 2015.513427734375, 2011.443359375, 506.75933837890625
2025/02/04 21:45, 2015.4296875, 2011.359375, 509.90655517578125
2025/02/04 22:00, 2015.3876953125, 2011.4853515625, 509.9903564453125
2025/02/04 22:15, 2015.4296875, 2011.443359375, 514.3964233398438
2025/02/04 22:30, 2015.4296875, 2011.401123046875, 516.45263671875
2025/02/04 22:45, 2015.4296875, 2011.443359375, 520.187255859375
2025/02/04 23:00, 2015.345703125, 2011.443359375, 521.3202514648438
2025/02/04 23:15, 2015.4716796875, 2011.443359375, 519.2640380859375
2025/02/04 23:30, 2015.4296875, 2011.4853515625, 519.0962524414062
2025/02/04 23:45, 2015.4716796875, 2011.443359375, 522.62109375
2025/02/05 00:00, 2015.4716796875, 2011.4853515625, 517.9212646484375
2025/02/05 00:15, 2015.4296875, 2011.401123046875, 521.1943359375
2025/02/05 00:30, 2015.345703125, 2011.401123046875, 520.56494140625
2025/02/05 00:45, 2015.3876953125, 2011.443359375, 522.3273315429688
2025/02/05 01:00, 2015.4716796875, 2011.443359375, 523.6282348632812
2025/02/05 01:15, 2015.3876953125, 2011.443359375, 522.62109375
2025/02/05 01:30, 2015.4716796875, 2011.4853515625, 520.4390869140625
2025/02/05 01:45, 2015.4296875, 2011.527099609375, 521.8237915039062
2025/02/05 02:00, 2015.4716796875, 2011.443359375, 520.0194702148438
2025/02/05 02:15, 2015.4716796875, 2011.401123046875, 520.229248046875
2025/02/05 02:30, 2015.4296875, 2011.443359375, 519.7676391601562
2025/02/05 02:45, 2015.3876953125, 2011.4853515625, 520.3970336914062
2025/02/05 03:00, 2015.4716796875, 2011.4853515625, 517.2499389648438
2025/02/05 03:15, 2015.513427734375, 2011.527099609375, 516.9561767578125
2025/02/05 03:30, 2015.4716796875, 2011.443359375, 516.4945068359375
2025/02/05 03:45, 2015.3876953125, 2011.4853515625, 516.830322265625
2025/02/05 04:00, 2015.3876953125, 2011.443359375, 515.2356567382812
2025/02/05 04:15, 2015.3876953125, 2011.4853515625, 516.830322265625
2025/02/05 04:30, 2015.4296875, 2011.527099609375, 516.6204833984375
2025/02/05 04:45, 2015.3876953125, 2011.527099609375, 517.1659545898438
2025/02/05 05:00, 2015.3876953125, 2011.4853515625, 516.36865234375
2025/02/05 05:15, 2015.4296875, 2011.569091796875, 517.417724609375
2025/02/05 05:30, 2015.4296875, 2011.527099609375, 514.8580932617188
2025/02/05 05:45, 2015.4716796875, 2011.4853515625, 515.6552734375
2025/02/05 06:00, 2015.4716796875, 2011.569091796875, 517.1240844726562
2025/02/05 06:15, 2015.3876953125, 2011.527099609375, 518.5087890625
2025/02/05 06:30, 2015.4296875, 2011.527099609375, 519.6417846679688
2025/02/05 06:45, 2015.4296875, 2011.4853515625, 515.9490356445312
2025/02/05 07:00, 2015.3876953125, 2011.611083984375, 517.543701171875
2025/02/05 07:15, 2015.513427734375, 2011.569091796875, 515.2356567382812
2025/02/05 07:30, 2015.3876953125, 2011.4853515625, 511.24932861328125
2025/02/05 07:45, 2015.3876953125, 2011.569091796875, 509.3609619140625
2025/02/05 08:00, 2015.4296875, 2011.527099609375, 500.8426513671875
2025/02/05 08:15, 2015.3037109375, 2011.443359375, 492.156494140625
2025/02/05 08:30, 2015.4296875, 2011.443359375, 478.09912109375
2025/02/05 08:45, 2015.4296875, 2011.359375, 469.9163818359375
2025/02/05 09:00, 2015.513427734375, 2011.443359375, 457.6634521484375
2025/02/05 09:15, 2015.513427734375, 2011.4853515625, 448.55755615234375
2025/02/05 09:30, 2015.4716796875, 2011.401123046875, 439.74554443359375
2025/02/05 09:45, 2015.4716796875, 2011.443359375, 429.88446044921875
2025/02/05 10:00, 2015.59765625, 2011.443359375, 424.80694580078125
2025/02/05 10:15, 2015.555419921875, 2011.359375, 412.93157958984375
2025/02/05 10:30, 2015.26171875, 2011.275390625, 401.26611328125
2025/02/05 10:45, 2015.052001953125, 2011.065673828125, 389.306884765625
2025/02/05 11:00, 2014.968017578125, 2010.939697265625, 376.59222412109375
2025/02/05 11:15, 2014.884033203125, 2010.813720703125, 369.2908935546875
2025/02/05 11:30, 2014.71630859375, 2010.729736328125, 362.82867431640625
2025/02/05 11:45, 2014.80029296875, 2010.64599609375, 353.1773681640625
2025/02/05 12:00, 2014.926025390625, 2010.729736328125, 357.66729736328125
2025/02/05 12:15, 2015.010009765625, 2010.813720703125, 360.10113525390625
2025/02/05 12:30, 2015.1357421875, 2010.897705078125, 358.464599609375
2025/02/05 12:45, 2015.26171875, 2010.939697265625, 363.08050537109375
2025/02/05 13:00, 2015.345703125, 2011.1494140625, 361.3179931640625
2025/02/05 13:15, 2015.4296875, 2011.1494140625, 364.04559326171875
2025/02/05 13:30, 2015.4716796875, 2011.19140625, 365.89190673828125
2025/02/05 13:45, 2015.4296875, 2011.2333984375, 367.06683349609375
2025/02/05 14:00, 2015.3876953125, 2011.2333984375, 370.9693603515625
2025/02/05 14:15, 2015.4716796875, 2011.275390625, 374.3262939453125
2025/02/05 14:30, 2015.3876953125, 2011.2333984375, 374.578125
2025/02/05 14:45, 2015.3876953125, 2011.275390625, 377.2216796875
2025/02/05 15:00, 2015.4296875, 2011.19140625, 379.82342529296875
2025/02/05 15:15, 2015.4716796875, 2011.275390625, 383.2642822265625
2025/02/05 15:30, 2015.4296875, 2011.3173828125, 385.82403564453125
2025/02/05 15:45, 2015.4716796875, 2011.2333984375, 386.78912353515625
2025/02/05 16:00, 2015.4716796875, 2011.275390625, 386.53741455078125
2025/02/05 16:15, 2015.4296875, 2011.401123046875, 388.0899658203125
2025/02/05 16:30, 2015.513427734375, 2011.275390625, 388.38372802734375
2025/02/05 16:45, 2015.4716796875, 2011.3173828125, 392.20233154296875
2025/02/05 17:00, 2015.4296875, 2011.3173828125, 394.5521240234375
2025/02/05 17:15, 2015.4716796875, 2011.3173828125, 401.39202880859375
2025/02/05 17:30, 2015.4296875, 2011.3173828125, 408.3157958984375
2025/02/05 17:45, 2015.4716796875, 2011.275390625, 412.9736328125
2025/02/05 18:00, 2015.4296875, 2011.19140625, 424.177490234375
2025/02/05 18:15, 2015.3037109375, 2011.1494140625, 435.3394775390625
2025/02/05 18:30, 2015.345703125, 2011.359375, 448.221923828125
2025/02/05 18:45, 2015.345703125, 2011.359375, 456.61431884765625
2025/02/05 19:00, 2015.345703125, 2011.3173828125, 465.30059814453125
2025/02/05 19:15, 2015.345703125, 2011.2333984375, 470.3780517578125
2025/02/05 19:30, 2015.3876953125, 2011.3173828125, 476.1688232421875
2025/02/05 19:45, 2015.4296875, 2011.3173828125, 482.16943359375
2025/02/05 20:00, 2015.3876953125, 2011.401123046875, 487.54058837890625
2025/02/05 20:15, 2015.3876953125, 2011.275390625, 493.12158203125
2025/02/05 20:30, 2015.4716796875, 2011.401123046875, 495.09381103515625
2025/02/05 20:45, 2015.4296875, 2011.3173828125, 497.4437255859375
2025/02/05 21:00, 2015.345703125, 2011.275390625, 499.1641845703125
2025/02/05 21:15, 2015.3876953125, 2011.401123046875, 499.91949462890625
2025/02/05 21:30, 2015.4296875, 2011.443359375, 502.73095703125
2025/02/05 21:45, 2015.3876953125, 2011.401123046875, 508.27001953125
2025/02/05 22:00, 2015.4716796875, 2011.401123046875, 507.3048095703125
2025/02/05 22:15, 2015.3876953125, 2011.359375, 510.49395751953125
2025/02/05 22:30, 2015.3876953125, 2011.401123046875, 509.9903564453125
2025/02/05 22:45, 2015.345703125, 2011.359375, 513.9349365234375
2025/02/05 23:00, 2015.3876953125, 2011.401123046875, 513.2215576171875
2025/02/05 23:15, 2015.345703125, 2011.443359375, 512.38232421875
2025/02/05 23:30, 2015.3876953125, 2011.443359375, 517.5016479492188
2025/02/05 23:45, 2015.3876953125, 2011.4853515625, 514.1447143554688
2025/02/06 00:00, 2015.4296875, 2011.401123046875, 513.8509521484375
2025/02/06 00:15, 2015.3876953125, 2011.527099609375, 511.24932861328125
2025/02/06 00:30, 2015.4296875, 2011.569091796875, 507.64056396484375
2025/02/06 00:45, 2015.4716796875, 2011.611083984375, 505.50048828125
2025/02/06 01:00, 2015.3876953125, 2011.569091796875, 507.51458740234375
2025/02/06 01:15, 2015.4716796875, 2011.653076171875, 506.17181396484375
2025/02/06 01:30, 2015.4716796875, 2011.653076171875, 505.96197509765625
2025/02/06 01:45, 2015.4296875, 2011.611083984375, 504.03179931640625
2025/02/06 02:00, 2015.4716796875, 2011.653076171875, 506.75933837890625
2025/02/06 02:15, 2015.513427734375, 2011.653076171875, 505.41650390625
2025/02/06 02:30, 2015.555419921875, 2011.77880859375, 504.61920166015625
2025/02/06 02:45, 2015.4296875, 2011.611083984375, 501.84979248046875
2025/02/06 03:00, 2015.555419921875, 2011.653076171875, 506.75933837890625
2025/02/06 03:15, 2015.513427734375, 2011.653076171875, 502.5211181640625
2025/02/06 03:30, 2015.4716796875, 2011.611083984375, 508.10211181640625
2025/02/06 03:45, 2015.4716796875, 2011.569091796875, 510.3680419921875
2025/02/06 04:00, 2015.4296875, 2011.611083984375, 508.563720703125
2025/02/06 04:15, 2015.555419921875, 2011.527099609375, 507.89227294921875
2025/02/06 04:30, 2015.4716796875, 2011.611083984375, 507.72442626953125
2025/02/06 04:45, 2015.4716796875, 2011.569091796875, 510.91357421875
2025/02/06 05:00, 2015.513427734375, 2011.569091796875, 510.41009521484375
2025/02/06 05:15, 2015.513427734375, 2011.569091796875, 512.0465087890625
2025/02/06 05:30, 2015.4296875, 2011.653076171875, 514.5223388671875
2025/02/06 05:45, 2015.4296875, 2011.4853515625, 513.2634887695312
2025/02/06 06:00, 2015.4716796875, 2011.569091796875, 513.4732666015625
2025/02/06 06:15, 2015.4716796875, 2011.527099609375, 513.0536499023438
2025/02/06 06:30, 2015.513427734375, 2011.611083984375, 513.4732666015625
2025/02/06 06:45, 2015.345703125, 2011.4853515625, 515.8231811523438
2025/02/06 07:00, 2015.3876953125, 2011.527099609375, 511.58502197265625
2025/02/06 07:15, 2015.4296875, 2011.527099609375, 514.0187377929688
2025/02/06 07:30, 2015.4296875, 2011.527099609375, 512.6759643554688
2025/02/06 07:45, 2015.513427734375, 2011.611083984375, 510.99749755859375
2025/02/06 08:00, 2015.3876953125, 2011.611083984375, 497.947265625
2025/02/06 08:15, 2015.513427734375, 2011.527099609375, 487.16290283203125
2025/02/06 08:30, 2015.59765625, 2011.611083984375, 474.02874755859375
2025/02/06 08:45, 2015.3876953125, 2011.4853515625, 465.30059814453125
2025/02/06 09:00, 2015.3876953125, 2011.443359375, 456.530517578125
2025/02/06 09:15, 2015.345703125, 2011.443359375, 445.9559326171875
2025/02/06 09:30, 2015.3876953125, 2011.359375, 437.31170654296875
2025/02/06 09:45, 2015.4296875, 2011.359375, 428.66754150390625
2025/02/06 10:00, 2015.3876953125, 2011.275390625, 420.6527099609375
2025/02/06 10:15, 2015.4716796875, 2011.3173828125, 414.0645751953125
2025/02/06 10:30, 2015.513427734375, 2011.3173828125, 404.6650390625
2025/02/06 10:45, 2015.513427734375, 2011.359375, 401.22418212890625
2025/02/06 11:00, 2015.555419921875, 2011.275390625, 399.67156982421875
2025/02/06 11:15, 2015.4716796875, 2011.275390625, 394.97174072265625
2025/02/06 11:30, 2015.4296875, 2011.275390625, 393.08343505859375
2025/02/06 11:45, 2015.555419921875, 2011.275390625, 387.75421142578125
2025/02/06 12:00, 2015.555419921875, 2011.275390625, 385.44635009765625
2025/02/06 12:15, 2015.555419921875, 2011.3173828125, 384.06158447265625
2025/02/06 12:30, 2015.555419921875, 2011.2333984375, 378.22882080078125
2025/02/06 12:45, 2015.513427734375, 2011.19140625, 378.39666748046875
2025/02/06 13:00, 2015.4716796875, 2011.3173828125, 379.36175537109375
2025/02/06 13:15, 2015.4716796875, 2011.275390625, 378.35467529296875
2025/02/06 13:30, 2015.639404296875, 2011.3173828125, 374.62005615234375
2025/02/06 13:45, 2015.59765625, 2011.3173828125, 377.263671875
2025/02/06 14:00, 2015.555419921875, 2011.359375, 377.30560302734375
2025/02/06 14:15, 2015.555419921875, 2011.275390625, 377.55743408203125
2025/02/06 14:30, 2015.555419921875, 2011.3173828125, 377.76727294921875
2025/02/06 14:45, 2015.59765625, 2011.359375, 375.6690673828125
2025/02/06 15:00, 2015.513427734375, 2011.401123046875, 379.11004638671875
2025/02/06 15:15, 2015.555419921875, 2011.401123046875, 382.34112548828125
2025/02/06 15:30, 2015.4716796875, 2011.401123046875, 384.481201171875
2025/02/06 15:45, 2015.513427734375, 2011.401123046875, 382.7607421875
2025/02/06 16:00, 2015.513427734375, 2011.401123046875, 385.36236572265625
2025/02/06 16:15, 2015.513427734375, 2011.275390625, 385.69818115234375
2025/02/06 16:30, 2015.4716796875, 2011.3173828125, 388.4256591796875
2025/02/06 16:45, 2015.513427734375, 2011.401123046875, 387.208740234375
2025/02/06 17:00, 2015.4716796875, 2011.275390625, 392.3701171875
2025/02/06 17:15, 2015.4716796875, 2011.2333984375, 394.46826171875
2025/02/06 17:30, 2015.4296875, 2011.275390625, 404.5391845703125
2025/02/06 17:45, 2015.3876953125, 2011.3173828125, 410.7076416015625
2025/02/06 18:00, 2015.4296875, 2011.3173828125, 419.30987548828125
2025/02/06 18:15, 2015.4716796875, 2011.2333984375, 433.199462890625
2025/02/06 18:30, 2015.3037109375, 2011.275390625, 441.08831787109375
2025/02/06 18:45, 2015.4296875, 2011.401123046875, 453.13153076171875
2025/02/06 19:00, 2015.4716796875, 2011.359375, 460.47491455078125
2025/02/06 19:15, 2015.3876953125, 2011.359375, 468.3218994140625
2025/02/06 19:30, 2015.3876953125, 2011.401123046875, 470.252197265625
2025/02/06 19:45, 2015.345703125, 2011.359375, 478.72857666015625
2025/02/06 20:00, 2015.4716796875, 2011.359375, 481.37213134765625
2025/02/06 20:15, 2015.3876953125, 2011.275390625, 487.41473388671875
2025/02/06 20:30, 2015.4296875, 2011.401123046875, 491.8206787109375
2025/02/06 20:45, 2015.3876953125, 2011.3173828125, 496.68841552734375
2025/02/06 21:00, 2015.3037109375, 2011.359375, 496.9820556640625
2025/02/06 21:15, 2015.3876953125, 2011.401123046875, 503.40240478515625
2025/02/06 21:30, 2015.4296875, 2011.401123046875, 504.03179931640625
2025/02/06 21:45, 2015.3876953125, 2011.401123046875, 503.90594482421875
2025/02/06 22:00, 2015.3037109375, 2011.527099609375, 507.6824951171875
2025/02/06 22:15, 2015.345703125, 2011.401123046875, 507.6824951171875
2025/02/06 22:30, 2015.3876953125, 2011.443359375, 511.50103759765625
2025/02/06 22:45, 2015.3037109375, 2011.401123046875, 511.291259765625
2025/02/06 23:00, 2015.345703125, 2011.359375, 510.8297119140625
2025/02/06 23:15, 2015.4296875, 2011.401123046875, 514.5223388671875
2025/02/06 23:30, 2015.3037109375, 2011.443359375, 512.1304931640625
2025/02/06 23:45, 2015.4716796875, 2011.443359375, 513.7670288085938
2025/02/07 00:00, 2015.4716796875, 2011.4853515625, 514.690185546875
2025/02/07 00:15, 2015.3037109375, 2011.4853515625, 516.7882690429688
2025/02/07 00:30, 2015.4296875, 2011.359375, 516.830322265625
2025/02/07 00:45, 2015.4716796875, 2011.443359375, 516.9141235351562
2025/02/07 01:00, 2015.3876953125, 2011.401123046875, 512.8438720703125
2025/02/07 01:15, 2015.4296875, 2011.443359375, 515.7392578125
2025/02/07 01:30, 2015.513427734375, 2011.527099609375, 519.3899536132812
2025/02/07 01:45, 2015.4296875, 2011.527099609375, 514.9839477539062
2025/02/07 02:00, 2015.4296875, 2011.443359375, 517.1659545898438
2025/02/07 02:15, 2015.4716796875, 2011.4853515625, 517.6695556640625
2025/02/07 02:30, 2015.3876953125, 2011.401123046875, 517.459716796875
2025/02/07 02:45, 2015.4716796875, 2011.443359375, 519.473876953125
2025/02/07 03:00, 2015.3876953125, 2011.4853515625, 515.1937866210938
2025/02/07 03:15, 2015.3876953125, 2011.443359375, 516.0748901367188
2025/02/07 03:30, 2015.4296875, 2011.4853515625, 514.9839477539062
2025/02/07 03:45, 2015.4296875, 2011.4853515625, 516.1588745117188
2025/02/07 04:00, 2015.3876953125, 2011.443359375, 513.1795043945312
2025/02/07 04:15, 2015.4296875, 2011.527099609375, 514.9419555664062
2025/02/07 04:30, 2015.4296875, 2011.401123046875, 515.1098022460938
2025/02/07 04:45, 2015.4296875, 2011.527099609375, 513.3054809570312
2025/02/07 05:00, 2015.3037109375, 2011.4853515625, 513.7670288085938
2025/02/07 05:15, 2015.4296875, 2011.4853515625, 513.2215576171875
2025/02/07 05:30, 2015.3876953125, 2011.527099609375, 511.75286865234375
2025/02/07 05:45, 2015.3037109375, 2011.4853515625, 512.0465087890625
2025/02/07 06:00, 2015.345703125, 2011.443359375, 515.8231811523438
2025/02/07 06:15, 2015.3037109375, 2011.443359375, 513.72509765625
2025/02/07 06:30, 2015.345703125, 2011.443359375, 515.1098022460938
2025/02/07 06:45, 2015.345703125, 2011.527099609375, 511.58502197265625
2025/02/07 07:00, 2015.26171875, 2011.401123046875, 515.5294189453125
2025/02/07 07:15, 2015.3037109375, 2011.4853515625, 516.45263671875
2025/02/07 07:30, 2015.345703125, 2011.443359375, 514.3125
2025/02/07 07:45, 2015.3037109375, 2011.4853515625, 505.58441162109375
2025/02/07 08:00, 2015.3876953125, 2011.401123046875, 496.18487548828125
2025/02/07 08:15, 2015.093994140625, 2011.3173828125, 477.8472900390625
2025/02/07 08:30, 2014.884033203125, 2011.1494140625, 469.49676513671875
2025/02/07 08:45, 2014.75830078125, 2011.107421875, 458.502685546875
2025/02/07 09:00, 2014.67431640625, 2010.981689453125, 445.830078125
2025/02/07 09:15, 2014.71630859375, 2010.855712890625, 437.10186767578125
2025/02/07 09:30, 2014.75830078125, 2010.855712890625, 426.1917724609375
2025/02/07 09:45, 2014.71630859375, 2010.729736328125, 414.56817626953125
2025/02/07 10:00, 2014.63232421875, 2010.68798828125, 410.74957275390625
2025/02/07 10:15, 2014.84228515625, 2010.771728515625, 401.47589111328125
2025/02/07 10:30, 2014.67431640625, 2010.771728515625, 390.56573486328125
2025/02/07 10:45, 2014.75830078125, 2010.729736328125, 386.20159912109375
2025/02/07 11:00, 2014.84228515625, 2010.729736328125, 382.383056640625
2025/02/07 11:15, 2015.010009765625, 2010.855712890625, 379.94927978515625
2025/02/07 11:30, 2015.177978515625, 2010.939697265625, 375.45928955078125
2025/02/07 11:45, 2015.345703125, 2011.0234375, 376.172607421875
2025/02/07 12:00, 2015.4296875, 2011.065673828125, 376.55035400390625
2025/02/07 12:15, 2015.3876953125, 2011.19140625, 372.6898193359375
2025/02/07 12:30, 2015.513427734375, 2011.2333984375, 375.3333740234375
2025/02/07 12:45, 2015.4716796875, 2011.19140625, 372.9835205078125
2025/02/07 13:00, 2015.4296875, 2011.19140625, 376.92803955078125
2025/02/07 13:15, 2015.4716796875, 2011.2333984375, 377.55743408203125
2025/02/07 13:30, 2015.513427734375, 2011.2333984375, 377.55743408203125
2025/02/07 13:45, 2015.513427734375, 2011.275390625, 377.55743408203125
2025/02/07 14:00, 2015.4716796875, 2011.2333984375, 379.27783203125
2025/02/07 14:15, 2015.3876953125, 2011.2333984375, 380.1171875
2025/02/07 14:30, 2015.4296875, 2011.275390625, 378.942138671875
2025/02/07 14:45, 2015.4296875, 2011.2333984375, 384.3553466796875
2025/02/07 15:00, 2015.4296875, 2011.359375, 386.0338134765625
2025/02/07 15:15, 2015.4716796875, 2011.3173828125, 387.12481689453125
2025/02/07 15:30, 2015.555419921875, 2011.3173828125, 387.50250244140625
2025/02/07 15:45, 2015.513427734375, 2011.275390625, 388.7613525390625
2025/02/07 16:00, 2015.4716796875, 2011.275390625, 391.5308837890625
2025/02/07 16:15, 2015.4716796875, 2011.2333984375, 394.97174072265625
2025/02/07 16:30, 2015.4716796875, 2011.3173828125, 394.25836181640625
2025/02/07 16:45, 2015.4296875, 2011.2333984375, 396.2725830078125
2025/02/07 17:00, 2015.4716796875, 2011.275390625, 400.17510986328125
2025/02/07 17:15, 2015.4716796875, 2011.1494140625, 402.60888671875
2025/02/07 17:30, 2015.4296875, 2011.2333984375, 410.12017822265625
2025/02/07 17:45, 2015.4296875, 2011.1494140625, 417.9251708984375
2025/02/07 18:00, 2015.345703125, 2011.2333984375, 430.1781005859375
2025/02/07 18:15, 2015.345703125, 2011.1494140625, 441.92755126953125
2025/02/07 18:30, 2015.3037109375, 2011.107421875, 453.5511474609375
2025/02/07 18:45, 2015.345703125, 2011.19140625, 461.14630126953125
2025/02/07 19:00, 2015.345703125, 2011.19140625, 466.93707275390625
2025/02/07 19:15, 2015.345703125, 2011.3173828125, 472.14044189453125
2025/02/07 19:30, 2015.345703125, 2011.2333984375, 476.75634765625
2025/02/07 19:45, 2015.3037109375, 2011.275390625, 481.53997802734375
2025/02/07 20:00, 2015.4716796875, 2011.3173828125, 487.20489501953125
2025/02/07 20:15, 2015.345703125, 2011.2333984375, 492.869873046875
2025/02/07 20:30, 2015.3876953125, 2011.275390625, 489.47088623046875
2025/02/07 20:45, 2015.3037109375, 2011.3173828125, 497.1080322265625
2025/02/07 21:00, 2015.4716796875, 2011.275390625, 503.52825927734375
2025/02/07 21:15, 2015.3876953125, 2011.359375, 502.017578125
2025/02/07 21:30, 2015.4296875, 2011.3173828125, 505.6263427734375
2025/02/07 21:45, 2015.345703125, 2011.359375, 506.6334228515625
2025/02/07 22:00, 2015.345703125, 2011.401123046875, 506.04595947265625
2025/02/07 22:15, 2015.3037109375, 2011.401123046875, 508.10211181640625
2025/02/07 22:30, 2015.3876953125, 2011.359375, 512.9697265625
2025/02/07 22:45, 2015.345703125, 2011.359375, 510.8297119140625
2025/02/07 23:00, 2015.3876953125, 2011.401123046875, 511.96270751953125
2025/02/07 23:15, 2015.345703125, 2011.443359375, 514.0187377929688
2025/02/07 23:30, 2015.345703125, 2011.359375, 514.9000244140625
2025/02/07 23:45, 2015.3876953125, 2011.443359375, 515.6552734375
2025/02/08 00:00, 2015.4296875, 2011.4853515625, 515.4454956054688
2025/02/08 00:15, 2015.3876953125, 2011.443359375, 515.3196411132812
2025/02/08 00:30, 2015.513427734375, 2011.443359375, 516.1588745117188
2025/02/08 00:45, 2015.3037109375, 2011.401123046875, 516.36865234375
2025/02/08 01:00, 2015.345703125, 2011.401123046875, 515.06787109375
2025/02/08 01:15, 2015.4296875, 2011.401123046875, 514.690185546875
2025/02/08 01:30, 2015.4296875, 2011.443359375, 515.4454956054688
2025/02/08 01:45, 2015.3876953125, 2011.401123046875, 513.347412109375
2025/02/08 02:00, 2015.3037109375, 2011.443359375, 514.4804077148438
2025/02/08 02:15, 2015.4296875, 2011.443359375, 513.6411743164062
2025/02/08 02:30, 2015.345703125, 2011.401123046875, 512.4242553710938
2025/02/08 02:45, 2015.3876953125, 2011.4853515625, 511.71087646484375
2025/02/08 03:00, 2015.3876953125, 2011.4853515625, 511.75286865234375
2025/02/08 03:15, 2015.4716796875, 2011.527099609375, 513.8089599609375
2025/02/08 03:30, 2015.4296875, 2011.443359375, 512.29833984375
2025/02/08 03:45, 2015.4296875, 2011.443359375, 512.8438720703125
2025/02/08 04:00, 2015.3876953125, 2011.527099609375, 514.9000244140625
2025/02/08 04:15, 2015.4716796875, 2011.443359375, 510.1163330078125
2025/02/08 04:30, 2015.513427734375, 2011.4853515625, 512.5921020507812
2025/02/08 04:45, 2015.4716796875, 2011.569091796875, 511.4591064453125
2025/02/08 05:00, 2015.3876953125, 2011.4853515625, 510.28411865234375
2025/02/08 05:15, 2015.3876953125, 2011.527099609375, 512.0885620117188
2025/02/08 05:30, 2015.4296875, 2011.527099609375, 512.004638671875
2025/02/08 05:45, 2015.4296875, 2011.4853515625, 513.0536499023438
2025/02/08 06:00, 2015.345703125, 2011.443359375, 512.5081787109375
2025/02/08 06:15, 2015.3876953125, 2011.527099609375, 511.75286865234375
2025/02/08 06:30, 2015.4296875, 2011.4853515625, 515.361572265625
2025/02/08 06:45, 2015.4716796875, 2011.4853515625, 513.8928833007812
2025/02/08 07:00, 2015.3037109375, 2011.443359375, 513.7670288085938
2025/02/08 07:15, 2015.4296875, 2011.443359375, 513.72509765625
2025/02/08 07:30, 2015.4716796875, 2011.569091796875, 508.3118896484375
2025/02/08 07:45, 2015.3876953125, 2011.4853515625, 504.03179931640625
2025/02/08 08:00, 2015.3876953125, 2011.4853515625, 493.87689208984375
2025/02/08 08:15, 2015.513427734375, 2011.4853515625, 482.6729736328125
2025/02/08 08:30, 2015.3876953125, 2011.401123046875, 471.9725341796875
2025/02/08 08:45, 2015.513427734375, 2011.359375, 461.44000244140625
2025/02/08 09:00, 2015.4716796875, 2011.443359375, 451.91461181640625
2025/02/08 09:15, 2015.4716796875, 2011.443359375, 443.8997802734375
2025/02/08 09:30, 2015.4296875, 2011.443359375, 432.02447509765625
2025/02/08 09:45, 2015.3876953125, 2011.275390625, 423.7999267578125
2025/02/08 10:00, 2015.4296875, 2011.3173828125, 416.16278076171875
2025/02/08 10:15, 2015.4716796875, 2011.3173828125, 410.455810546875
2025/02/08 10:30, 2015.513427734375, 2011.3173828125, 404.95880126953125
2025/02/08 10:45, 2015.4296875, 2011.359375, 399.7554931640625
2025/02/08 11:00, 2015.513427734375, 2011.359375, 394.9298095703125
2025/02/08 11:15, 2015.513427734375, 2011.2333984375, 391.61480712890625
2025/02/08 11:30, 2015.513427734375, 2011.3173828125, 388.2158203125
2025/02/08 11:45, 2015.513427734375, 2011.275390625, 386.83111572265625
2025/02/08 12:00, 2015.4716796875, 2011.2333984375, 385.23651123046875
2025/02/08 12:15, 2015.4716796875, 2011.2333984375, 383.80975341796875
2025/02/08 12:30, 2015.3876953125, 2011.1494140625, 383.76788330078125
2025/02/08 12:45, 2015.4716796875, 2011.275390625, 384.481201171875
2025/02/08 13:00, 2015.3876953125, 2011.275390625, 383.5999755859375
2025/02/08 13:15, 2015.513427734375, 2011.275390625, 384.27142333984375
2025/02/08 13:30, 2015.513427734375, 2011.2333984375, 382.509033203125
2025/02/08 13:45, 2015.4296875, 2011.275390625, 384.481201171875
2025/02/08 14:00, 2015.513427734375, 2011.275390625, 386.7471923828125
2025/02/08 14:15, 2015.513427734375, 2011.275390625, 386.57928466796875
2025/02/08 14:30, 2015.4716796875, 2011.275390625, 386.28558349609375
2025/02/08 14:45, 2015.4716796875, 2011.275390625, 390.56573486328125
2025/02/08 15:00, 2015.4716796875, 2011.2333984375, 390.43988037109375
2025/02/08 15:15, 2015.513427734375, 2011.2333984375, 395.2655029296875
2025/02/08 15:30, 2015.4716796875, 2011.275390625, 393.9647216796875
2025/02/08 15:45, 2015.555419921875, 2011.2333984375, 393.88079833984375
2025/02/08 16:00, 2015.4296875, 2011.3173828125, 397.9091796875
2025/02/08 16:15, 2015.555419921875, 2011.2333984375, 399.7135009765625
2025/02/08 16:30, 2015.513427734375, 2011.275390625, 401.8116455078125
2025/02/08 16:45, 2015.513427734375, 2011.275390625, 404.28741455078125
2025/02/08 17:00, 2015.3876953125, 2011.1494140625, 408.0220947265625
2025/02/08 17:15, 2015.3876953125, 2011.19140625, 410.03619384765625
2025/02/08 17:30, 2015.4296875, 2011.2333984375, 417.12786865234375
2025/02/08 17:45, 2015.345703125, 2011.1494140625, 421.2821044921875
2025/02/08 18:00, 2015.345703125, 2011.1494140625, 432.77984619140625
2025/02/08 18:15, 2015.345703125, 2011.1494140625, 444.06768798828125
2025/02/08 18:30, 2015.345703125, 2011.275390625, 455.90106201171875
2025/02/08 18:45, 2015.3876953125, 2011.275390625, 459.929443359375
2025/02/08 19:00, 2015.3037109375, 2011.2333984375, 469.2869873046875
2025/02/08 19:15, 2015.345703125, 2011.19140625, 472.39215087890625
2025/02/08 19:30, 2015.4716796875, 2011.359375, 478.434814453125
2025/02/08 19:45, 2015.3876953125, 2011.2333984375, 483.7220458984375
2025/02/08 20:00, 2015.345703125, 2011.275390625, 487.3726806640625
2025/02/08 20:15, 2015.3037109375, 2011.359375, 490.64581298828125
2025/02/08 20:30, 2015.345703125, 2011.359375, 494.3385009765625
2025/02/08 20:45, 2015.4296875, 2011.401123046875, 499.1641845703125
2025/02/08 21:00, 2015.345703125, 2011.3173828125, 501.01043701171875
2025/02/08 21:15, 2015.3876953125, 2011.401123046875, 503.52825927734375
2025/02/08 21:30, 2015.345703125, 2011.443359375, 506.29779052734375
2025/02/08 21:45, 2015.3876953125, 2011.401123046875, 506.04595947265625
2025/02/08 22:00, 2015.4296875, 2011.359375, 507.26287841796875
2025/02/08 22:15, 2015.345703125, 2011.443359375, 512.1304931640625
2025/02/08 22:30, 2015.4296875, 2011.4853515625, 511.71087646484375
2025/02/08 22:45, 2015.3876953125, 2011.443359375, 517.08203125
2025/02/08 23:00, 2015.4296875, 2011.401123046875, 516.746337890625
2025/02/08 23:15, 2015.345703125, 2011.443359375, 516.3267211914062
2025/02/08 23:30, 2015.513427734375, 2011.443359375, 517.417724609375
2025/02/08 23:45, 2015.3876953125, 2011.359375, 516.9981079101562
2025/02/09 00:00, 2015.345703125, 2011.443359375, 518.7185668945312
2025/02/09 00:15, 2015.3876953125, 2011.4853515625, 515.4874877929688
2025/02/09 00:30, 2015.513427734375, 2011.527099609375, 513.9349365234375
2025/02/09 00:45, 2015.3876953125, 2011.611083984375, 514.4384765625
2025/02/09 01:00, 2015.3876953125, 2011.527099609375, 515.1517333984375
2025/02/09 01:15, 2015.513427734375, 2011.611083984375, 512.7598876953125
2025/02/09 01:30, 2015.4716796875, 2011.569091796875, 514.690185546875
2025/02/09 01:45, 2015.4716796875, 2011.569091796875, 512.0465087890625
2025/02/09 02:00, 2015.4296875, 2011.527099609375, 514.5223388671875
2025/02/09 02:15, 2015.513427734375, 2011.611083984375, 512.25634765625
2025/02/09 02:30, 2015.4296875, 2011.569091796875, 514.7321166992188
2025/02/09 02:45, 2015.4296875, 2011.569091796875, 510.7037353515625
2025/02/09 03:00, 2015.3876953125, 2011.569091796875, 509.82257080078125
2025/02/09 03:15, 2015.345703125, 2011.527099609375, 515.1937866210938
2025/02/09 03:30, 2015.4296875, 2011.527099609375, 513.8928833007812
2025/02/09 03:45, 2015.3876953125, 2011.4853515625, 514.9419555664062
2025/02/09 04:00, 2015.345703125, 2011.4853515625, 514.6062622070312
2025/02/09 04:15, 2015.4296875, 2011.569091796875, 516.45263671875
2025/02/09 04:30, 2015.555419921875, 2011.611083984375, 516.746337890625
2025/02/09 04:45, 2015.513427734375, 2011.611083984375, 513.9349365234375
2025/02/09 05:00, 2015.4296875, 2011.569091796875, 513.68310546875
2025/02/09 05:15, 2015.4716796875, 2011.569091796875, 516.5784912109375
2025/02/09 05:30, 2015.4296875, 2011.443359375, 517.08203125
2025/02/09 05:45, 2015.555419921875, 2011.527099609375, 516.45263671875
2025/02/09 06:00, 2015.555419921875, 2011.569091796875, 518.2570190429688
2025/02/09 06:15, 2015.4296875, 2011.569091796875, 520.816650390625
2025/02/09 06:30, 2015.4716796875, 2011.527099609375, 519.7676391601562
2025/02/09 06:45, 2015.4296875, 2011.611083984375, 519.5578002929688
2025/02/09 07:00, 2015.4296875, 2011.527099609375, 517.9212646484375
2025/02/09 07:15, 2015.4716796875, 2011.4853515625, 520.6907958984375
2025/02/09 07:30, 2015.3876953125, 2011.527099609375, 516.0748901367188
2025/02/09 07:45, 2015.4296875, 2011.443359375, 511.33319091796875
2025/02/09 08:00, 2015.4296875, 2011.569091796875, 498.4088134765625
2025/02/09 08:15, 2015.4716796875, 2011.527099609375, 486.869140625
2025/02/09 08:30, 2015.3876953125, 2011.443359375, 474.951904296875
2025/02/09 08:45, 2015.4296875, 2011.443359375, 464.96484375
2025/02/09 09:00, 2015.3876953125, 2011.359375, 455.061767578125
2025/02/09 09:15, 2015.3876953125, 2011.359375, 444.10955810546875
2025/02/09 09:30, 2015.3876953125, 2011.359375, 433.40924072265625
2025/02/09 09:45, 2015.4296875, 2011.3173828125, 425.1427001953125
2025/02/09 10:00, 2015.4716796875, 2011.359375, 420.35894775390625
2025/02/09 10:15, 2015.4716796875, 2011.359375, 411.08526611328125
2025/02/09 10:30, 2015.4296875, 2011.275390625, 405.29443359375
2025/02/09 10:45, 2015.4296875, 2011.2333984375, 403.02850341796875
2025/02/09 11:00, 2015.513427734375, 2011.275390625, 396.2725830078125
2025/02/09 11:15, 2015.3876953125, 2011.19140625, 392.57989501953125
2025/02/09 11:30, 2015.555419921875, 2011.3173828125, 390.06219482421875
2025/02/09 11:45, 2015.513427734375, 2011.3173828125, 388.88720703125
2025/02/09 12:00, 2015.513427734375, 2011.359375, 386.45343017578125
2025/02/09 12:15, 2015.513427734375, 2011.275390625, 384.3553466796875
2025/02/09 12:30, 2015.513427734375, 2011.2333984375, 381.87957763671875
2025/02/09 12:45, 2015.4296875, 2011.2333984375, 378.6484375
2025/02/09 13:00, 2015.513427734375, 2011.19140625, 380.1171875
2025/02/09 13:15, 2015.4296875, 2011.2333984375, 382.2572021484375
2025/02/09 13:30, 2015.4716796875, 2011.2333984375, 381.75360107421875
2025/02/09 13:45, 2015.4296875, 2011.19140625, 378.564453125
2025/02/09 14:00, 2015.513427734375, 2011.275390625, 379.82342529296875
2025/02/09 14:15, 2015.513427734375, 2011.2333984375, 380.62060546875
2025/02/09 14:30, 2015.4296875, 2011.19140625, 378.06103515625
2025/02/09 14:45, 2015.4716796875, 2011.2333984375, 377.97705078125
2025/02/09 15:00, 2015.513427734375, 2011.275390625, 378.06103515625
2025/02/09 15:15, 2015.513427734375, 2011.2333984375, 379.739501953125
2025/02/09 15:30, 2015.59765625, 2011.3173828125, 382.13128662109375
2025/02/09 15:45, 2015.513427734375, 2011.275390625, 381.87957763671875
2025/02/09 16:00, 2015.4716796875, 2011.275390625, 382.84466552734375
2025/02/09 16:15, 2015.4716796875, 2011.275390625, 384.2293701171875
2025/02/09 16:30, 2015.3037109375, 2011.3173828125, 384.81689453125
2025/02/09 16:45, 2015.3876953125, 2011.3173828125, 387.04095458984375
2025/02/09 17:00, 2015.345703125, 2011.19140625, 389.93634033203125
2025/02/09 17:15, 2015.4296875, 2011.2333984375, 397.15386962890625
2025/02/09 17:30, 2015.3876953125, 2011.275390625, 408.35772705078125
2025/02/09 17:45, 2015.3876953125, 2011.2333984375, 418.00909423828125
2025/02/09 18:00, 2015.345703125, 2011.1494140625, 426.86309814453125
2025/02/09 18:15, 2015.345703125, 2011.19140625, 440.7945556640625
2025/02/09 18:30, 2015.26171875, 2011.19140625, 452.75384521484375
2025/02/09 18:45, 2015.26171875, 2011.2333984375, 458.92230224609375
2025/02/09 19:00, 2015.26171875, 2011.19140625, 464.5872802734375
2025/02/09 19:15, 2015.3876953125, 2011.275390625, 469.83245849609375
2025/02/09 19:30, 2015.3876953125, 2011.275390625, 475.41351318359375
2025/02/09 19:45, 2015.345703125, 2011.3173828125, 482.6309814453125
2025/02/09 20:00, 2015.3876953125, 2011.3173828125, 487.62451171875
2025/02/09 20:15, 2015.345703125, 2011.275390625, 492.869873046875
2025/02/09 20:30, 2015.3037109375, 2011.3173828125, 493.58319091796875
2025/02/09 20:45, 2015.3037109375, 2011.3173828125, 497.86334228515625
2025/02/09 21:00, 2015.3876953125, 2011.275390625, 501.47210693359375
2025/02/09 21:15, 2015.3037109375, 2011.275390625, 502.1434326171875
2025/02/09 21:30, 2015.3876953125, 2011.359375, 506.75933837890625
2025/02/09 21:45, 2015.3037109375, 2011.359375, 507.178955078125
2025/02/09 22:00, 2015.4296875, 2011.359375, 509.06719970703125
2025/02/09 22:15, 2015.345703125, 2011.3173828125, 509.82257080078125
2025/02/09 22:30, 2015.345703125, 2011.359375, 513.01171875
2025/02/09 22:45, 2015.345703125, 2011.359375, 513.5571899414062
2025/02/09 23:00, 2015.3876953125, 2011.401123046875, 515.6973266601562
2025/02/09 23:15, 2015.3876953125, 2011.401123046875, 516.704345703125
2025/02/09 23:30, 2015.345703125, 2011.3173828125, 517.7114868164062
2025/02/09 23:45, 2015.3876953125, 2011.401123046875, 517.6275024414062
2025/02/10 00:00, 2015.3037109375, 2011.3173828125, 518.6766357421875
2025/02/10 00:15, 2015.4296875, 2011.359375, 519.4319458007812
2025/02/10 00:30, 2015.345703125, 2011.359375, 517.5855712890625
2025/02/10 00:45, 2015.3037109375, 2011.359375, 521.1943359375
2025/02/10 01:00, 2015.3037109375, 2011.3173828125, 519.7257080078125
2025/02/10 01:15, 2015.345703125, 2011.359375, 519.4319458007812
2025/02/10 01:30, 2015.3876953125, 2011.401123046875, 519.0123291015625
2025/02/10 01:45, 2015.3876953125, 2011.3173828125, 519.8934936523438
2025/02/10 02:00, 2015.3876953125, 2011.359375, 520.6488647460938
2025/02/10 02:15, 2015.4296875, 2011.359375, 520.6488647460938
2025/02/10 02:30, 2015.3876953125, 2011.359375, 521.2362670898438
2025/02/10 02:45, 2015.3876953125, 2011.359375, 520.6488647460938
2025/02/10 03:00, 2015.3876953125, 2011.3173828125, 522.285400390625
2025/02/10 03:15, 2015.4296875, 2011.401123046875, 521.3202514648438
2025/02/10 03:30, 2015.345703125, 2011.443359375, 521.6139526367188
2025/02/10 03:45, 2015.345703125, 2011.3173828125, 522.872802734375
2025/02/10 04:00, 2015.345703125, 2011.359375, 521.530029296875
2025/02/10 04:15, 2015.345703125, 2011.3173828125, 524.970947265625
2025/02/10 04:30, 2015.3876953125, 2011.401123046875, 524.970947265625
2025/02/10 04:45, 2015.4716796875, 2011.443359375, 522.7050170898438
2025/02/10 05:00, 2015.513427734375, 2011.401123046875, 522.4952392578125
2025/02/10 05:15, 2015.3876953125, 2011.443359375, 522.5791015625
2025/02/10 05:30, 2015.4716796875, 2011.359375, 524.2576904296875
2025/02/10 05:45, 2015.4296875, 2011.4853515625, 525.306640625
2025/02/10 06:00, 2015.4716796875, 2011.4853515625, 525.97802734375
2025/02/10 06:15, 2015.345703125, 2011.443359375, 528.1600341796875
2025/02/10 06:30, 2015.345703125, 2011.443359375, 527.2789306640625
2025/02/10 06:45, 2015.4296875, 2011.527099609375, 527.40478515625
2025/02/10 07:00, 2015.345703125, 2011.359375, 528.453857421875
2025/02/10 07:15, 2015.4716796875, 2011.443359375, 528.9154052734375
2025/02/10 07:30, 2015.3876953125, 2011.4853515625, 525.6004638671875
2025/02/10 07:45, 2015.4716796875, 2011.443359375, 525.306640625
2025/02/10 08:00, 2015.4296875, 2011.4853515625, 518.2989501953125
2025/02/10 08:15, 2015.3876953125, 2011.4853515625, 511.207275390625
2025/02/10 08:30, 2015.3876953125, 2011.443359375, 496.856201171875
2025/02/10 08:45, 2015.345703125, 2011.401123046875, 485.904052734375
2025/02/10 09:00, 2015.345703125, 2011.401123046875, 477.259765625
2025/02/10 09:15, 2015.345703125, 2011.401123046875, 468.6156005859375
2025/02/10 09:30, 2015.4296875, 2011.3173828125, 459.38385009765625
2025/02/10 09:45, 2015.3876953125, 2011.275390625, 445.15863037109375
2025/02/10 10:00, 2015.3876953125, 2011.3173828125, 434.542236328125
2025/02/10 10:15, 2015.4716796875, 2011.275390625, 428.1639404296875
2025/02/10 10:30, 2015.345703125, 2011.443359375, 421.07232666015625
2025/02/10 10:45, 2015.4296875, 2011.359375, 414.31640625
2025/02/10 11:00, 2015.3876953125, 2011.443359375, 414.4422607421875
2025/02/10 11:15, 2015.3876953125, 2011.359375, 407.3087158203125
2025/02/10 11:30, 2015.3876953125, 2011.275390625, 404.62310791015625
2025/02/10 11:45, 2015.3876953125, 2011.3173828125, 398.49664306640625
2025/02/10 12:00, 2015.4296875, 2011.401123046875, 394.42626953125
2025/02/10 12:15, 2015.4296875, 2011.2333984375, 390.06219482421875
2025/02/10 12:30, 2015.3876953125, 2011.19140625, 387.58642578125
2025/02/10 12:45, 2015.4716796875, 2011.2333984375, 385.3204345703125
2025/02/10 13:00, 2015.513427734375, 2011.19140625, 387.250732421875
2025/02/10 13:15, 2015.555419921875, 2011.19140625, 385.11065673828125
2025/02/10 13:30, 2015.513427734375, 2011.3173828125, 385.11065673828125
2025/02/10 13:45, 2015.4296875, 2011.3173828125, 384.98480224609375
2025/02/10 14:00, 2015.3876953125, 2011.275390625, 392.11834716796875
2025/02/10 14:15, 2015.345703125, 2011.359375, 393.7548828125
2025/02/10 14:30, 2015.4716796875, 2011.3173828125, 391.4468994140625
2025/02/10 14:45, 2015.3876953125, 2011.401123046875, 390.52374267578125
2025/02/10 15:00, 2015.4716796875, 2011.275390625, 389.264892578125
2025/02/10 15:15, 2015.3876953125, 2011.401123046875, 390.56573486328125
2025/02/10 15:30, 2015.3876953125, 2011.275390625, 387.54443359375
2025/02/10 15:45, 2015.513427734375, 2011.3173828125, 389.72650146484375
2025/02/10 16:00, 2015.3876953125, 2011.3173828125, 388.0899658203125
2025/02/10 16:15, 2015.4716796875, 2011.359375, 387.37664794921875
2025/02/10 16:30, 2015.4296875, 2011.3173828125, 388.46759033203125
2025/02/10 16:45, 2015.4296875, 2011.359375, 391.5308837890625
2025/02/10 17:00, 2015.3876953125, 2011.359375, 399.1260986328125
2025/02/10 17:15, 2015.513427734375, 2011.275390625, 402.7767333984375
2025/02/10 17:30, 2015.4716796875, 2011.2333984375, 406.04986572265625
2025/02/10 17:45, 2015.3876953125, 2011.19140625, 416.66632080078125
2025/02/10 18:00, 2015.26171875, 2011.19140625, 430.51385498046875
2025/02/10 18:15, 2015.345703125, 2011.1494140625, 438.78045654296875
2025/02/10 18:30, 2015.3037109375, 2011.19140625, 449.1031494140625
2025/02/10 18:45, 2015.3037109375, 2011.2333984375, 456.86614990234375
2025/02/10 19:00, 2015.3037109375, 2011.275390625, 464.08367919921875
2025/02/10 19:15, 2015.3037109375, 2011.275390625, 470.58782958984375
2025/02/10 19:30, 2015.3876953125, 2011.275390625, 472.35028076171875
2025/02/10 19:45, 2015.219970703125, 2011.275390625, 478.77044677734375
2025/02/10 20:00, 2015.26171875, 2011.275390625, 480.70074462890625
2025/02/10 20:15, 2015.219970703125, 2011.2333984375, 486.57550048828125
2025/02/10 20:30, 2015.3876953125, 2011.275390625, 488.84149169921875
2025/02/10 20:45, 2015.345703125, 2011.359375, 492.82781982421875
2025/02/10 21:00, 2015.4296875, 2011.401123046875, 494.6741943359375
2025/02/10 21:15, 2015.345703125, 2011.2333984375, 497.611572265625
2025/02/10 21:30, 2015.26171875, 2011.359375, 501.0943603515625
2025/02/10 21:45, 2015.3037109375, 2011.3173828125, 499.08026123046875
2025/02/10 22:00, 2015.3037109375, 2011.359375, 501.681884765625
2025/02/10 22:15, 2015.3876953125, 2011.359375, 502.8568115234375
2025/02/10 22:30, 2015.345703125, 2011.359375, 505.33258056640625
2025/02/10 22:45, 2015.3876953125, 2011.401123046875, 506.591552734375
2025/02/10 23:00, 2015.3037109375, 2011.401123046875, 509.78057861328125
2025/02/10 23:15, 2015.3037109375, 2011.359375, 508.18603515625
2025/02/10 23:30, 2015.3876953125, 2011.401123046875, 506.84326171875
2025/02/10 23:45, 2015.3876953125, 2011.401123046875, 508.14410400390625
2025/02/11 00:00, 2015.345703125, 2011.3173828125, 507.72442626953125
2025/02/11 00:15, 2015.3876953125, 2011.569091796875, 504.6612548828125
2025/02/11 00:30, 2015.4296875, 2011.569091796875, 502.56304931640625
2025/02/11 00:45, 2015.3876953125, 2011.569091796875, 504.36749267578125
2025/02/11 01:00, 2015.3876953125, 2011.569091796875, 506.84326171875
2025/02/11 01:15, 2015.3876953125, 2011.611083984375, 504.49334716796875
2025/02/11 01:30, 2015.3876953125, 2011.611083984375, 503.8638916015625
2025/02/11 01:45, 2015.4716796875, 2011.611083984375, 504.61920166015625
2025/02/11 02:00, 2015.3876953125, 2011.653076171875, 503.4862060546875
2025/02/11 02:15, 2015.3876953125, 2011.695068359375, 501.63995361328125
2025/02/11 02:30, 2015.3876953125, 2011.611083984375, 498.57666015625
2025/02/11 02:45, 2015.3876953125, 2011.611083984375, 500.1292724609375
2025/02/11 03:00, 2015.4296875, 2011.611083984375, 501.22027587890625
2025/02/11 03:15, 2015.4296875, 2011.569091796875, 502.47918701171875
2025/02/11 03:30, 2015.513427734375, 2011.695068359375, 508.27001953125
2025/02/11 03:45, 2015.555419921875, 2011.653076171875, 504.74517822265625
2025/02/11 04:00, 2015.3876953125, 2011.569091796875, 506.04595947265625
2025/02/11 04:15, 2015.513427734375, 2011.527099609375, 506.3397216796875
2025/02/11 04:30, 2015.4716796875, 2011.611083984375, 507.6824951171875
2025/02/11 04:45, 2015.345703125, 2011.611083984375, 505.58441162109375
2025/02/11 05:00, 2015.4296875, 2011.4853515625, 506.6334228515625
2025/02/11 05:15, 2015.4296875, 2011.4853515625, 510.41009521484375
2025/02/11 05:30, 2015.4716796875, 2011.611083984375, 511.920654296875
2025/02/11 05:45, 2015.4716796875, 2011.653076171875, 507.094970703125
2025/02/11 06:00, 2015.4716796875, 2011.569091796875, 511.03948974609375
2025/02/11 06:15, 2015.4716796875, 2011.611083984375, 508.6475830078125
2025/02/11 06:30, 2015.4716796875, 2011.653076171875, 510.577880859375
2025/02/11 06:45, 2015.555419921875, 2011.611083984375, 509.0252685546875
2025/02/11 07:00, 2015.4296875, 2011.695068359375, 510.87164306640625
2025/02/11 07:15, 2015.4296875, 2011.569091796875, 512.4242553710938
2025/02/11 07:30, 2015.3876953125, 2011.569091796875, 504.53533935546875
2025/02/11 07:45, 2015.4296875, 2011.653076171875, 502.1434326171875
2025/02/11 08:00, 2015.3876953125, 2011.569091796875, 494.5902099609375
2025/02/11 08:15, 2015.3876953125, 2011.611083984375, 483.763916015625
2025/02/11 08:30, 2015.345703125, 2011.4853515625, 470.54583740234375
2025/02/11 08:45, 2015.345703125, 2011.4853515625, 460.1392822265625
2025/02/11 09:00, 2015.4296875, 2011.401123046875, 450.57183837890625
2025/02/11 09:15, 2015.513427734375, 2011.4853515625, 437.3956298828125
2025/02/11 09:30, 2015.345703125, 2011.359375, 426.6953125
2025/02/11 09:45, 2015.3876953125, 2011.401123046875, 418.30279541015625
2025/02/11 10:00, 2015.4716796875, 2011.359375, 408.73541259765625
2025/02/11 10:15, 2015.513427734375, 2011.359375, 402.94464111328125
2025/02/11 10:30, 2015.4296875, 2011.443359375, 397.8251953125
2025/02/11 10:45, 2015.4716796875, 2011.359375, 391.61480712890625
2025/02/11 11:00, 2015.4296875, 2011.275390625, 389.1390380859375
2025/02/11 11:15, 2015.513427734375, 2011.3173828125, 386.57928466796875
2025/02/11 11:30, 2015.3876953125, 2011.359375, 385.48834228515625
2025/02/11 11:45, 2015.3876953125, 2011.275390625, 384.06158447265625
2025/02/11 12:00, 2015.513427734375, 2011.359375, 384.90081787109375
2025/02/11 12:15, 2015.513427734375, 2011.401123046875, 380.20098876953125
2025/02/11 12:30, 2015.4716796875, 2011.3173828125, 378.77435302734375
2025/02/11 12:45, 2015.513427734375, 2011.401123046875, 376.92803955078125
2025/02/11 13:00, 2015.513427734375, 2011.275390625, 377.68328857421875
2025/02/11 13:15, 2015.513427734375, 2011.275390625, 374.91375732421875
2025/02/11 13:30, 2015.3876953125, 2011.3173828125, 377.93505859375
2025/02/11 13:45, 2015.555419921875, 2011.275390625, 379.27783203125
2025/02/11 14:00, 2015.4296875, 2011.275390625, 380.368896484375
2025/02/11 14:15, 2015.4716796875, 2011.3173828125, 385.23651123046875
2025/02/11 14:30, 2015.4716796875, 2011.401123046875, 387.04095458984375
2025/02/11 14:45, 2015.4716796875, 2011.359375, 388.71942138671875
2025/02/11 15:00, 2015.3876953125, 2011.359375, 391.15313720703125
2025/02/11 15:15, 2015.555419921875, 2011.359375, 395.9788818359375
2025/02/11 15:30, 2015.555419921875, 2011.359375, 395.60125732421875
2025/02/11 15:45, 2015.4296875, 2011.3173828125, 394.51019287109375
2025/02/11 16:00, 2015.555419921875, 2011.275390625, 397.9510498046875
2025/02/11 16:15, 2015.4296875, 2011.401123046875, 400.88848876953125
2025/02/11 16:30, 2015.345703125, 2011.401123046875, 400.38494873046875
2025/02/11 16:45, 2015.4716796875, 2011.275390625, 401.8955078125
2025/02/11 17:00, 2015.555419921875, 2011.3173828125, 401.22418212890625
2025/02/11 17:15, 2015.4296875, 2011.275390625, 406.04986572265625
2025/02/11 17:30, 2015.3876953125, 2011.2333984375, 412.42803955078125
2025/02/11 17:45, 2015.345703125, 2011.275390625, 416.33056640625
2025/02/11 18:00, 2015.345703125, 2011.3173828125, 424.09356689453125
2025/02/11 18:15, 2015.3876953125, 2011.401123046875, 434.16455078125
2025/02/11 18:30, 2015.3876953125, 2011.401123046875, 444.2774658203125
2025/02/11 18:45, 2015.345703125, 2011.401123046875, 450.65576171875
2025/02/11 19:00, 2015.345703125, 2011.401123046875, 458.502685546875
2025/02/11 19:15, 2015.26171875, 2011.359375, 462.36322021484375
2025/02/11 19:30, 2015.4296875, 2011.3173828125, 470.46197509765625
2025/02/11 19:45, 2015.345703125, 2011.443359375, 470.41998291015625
2025/02/11 20:00, 2015.3876953125, 2011.4853515625, 471.55291748046875
2025/02/11 20:15, 2015.3037109375, 2011.401123046875, 475.28759765625
2025/02/11 20:30, 2015.345703125, 2011.4853515625, 478.14105224609375
2025/02/11 20:45, 2015.3876953125, 2011.4853515625, 477.4696044921875
2025/02/11 21:00, 2015.3037109375, 2011.4853515625, 477.88934326171875
2025/02/11 21:15, 2015.3876953125, 2011.443359375, 479.60968017578125
2025/02/11 21:30, 2015.345703125, 2011.527099609375, 483.6380615234375
2025/02/11 21:45, 2015.4296875, 2011.653076171875, 486.11383056640625
2025/02/11 22:00, 2015.345703125, 2011.569091796875, 487.1209716796875
2025/02/11 22:15, 2015.4716796875, 2011.611083984375, 490.6038818359375
2025/02/11 22:30, 2015.513427734375, 2011.569091796875, 490.016357421875
2025/02/11 22:45, 2015.4296875, 2011.653076171875, 490.016357421875
2025/02/11 23:00, 2015.4716796875, 2011.653076171875, 490.6038818359375
2025/02/11 23:15, 2015.4296875, 2011.653076171875, 492.743896484375
2025/02/11 23:30, 2015.3876953125, 2011.527099609375, 491.69482421875
2025/02/11 23:45, 2015.3037109375, 2011.611083984375, 489.93243408203125
2025/02/12 00:00, 2015.4296875, 2011.653076171875, 489.5548095703125
2025/02/12 00:15, 2015.513427734375, 2011.527099609375, 493.7091064453125
2025/02/12 00:30, 2015.3876953125, 2011.527099609375, 491.8206787109375
2025/02/12 00:45, 2015.4716796875, 2011.611083984375, 493.91888427734375
2025/02/12 01:00, 2015.4716796875, 2011.653076171875, 495.09381103515625
2025/02/12 01:15, 2015.4716796875, 2011.569091796875, 492.743896484375
2025/02/12 01:30, 2015.513427734375, 2011.695068359375, 494.2965087890625
2025/02/12 01:45, 2015.4716796875, 2011.611083984375, 496.22674560546875
2025/02/12 02:00, 2015.4716796875, 2011.695068359375, 490.77166748046875
2025/02/12 02:15, 2015.3876953125, 2011.611083984375, 494.842041015625
2025/02/12 02:30, 2015.4296875, 2011.611083984375, 492.9117431640625
2025/02/12 02:45, 2015.3876953125, 2011.569091796875, 492.6600341796875
2025/02/12 03:00, 2015.4716796875, 2011.611083984375, 491.9466552734375
2025/02/12 03:15, 2015.3876953125, 2011.611083984375, 494.212646484375
2025/02/12 03:30, 2015.4296875, 2011.611083984375, 494.12872314453125
2025/02/12 03:45, 2015.555419921875, 2011.695068359375, 494.63226318359375
2025/02/12 04:00, 2015.4296875, 2011.737060546875, 491.73687744140625
2025/02/12 04:15, 2015.4716796875, 2011.695068359375, 495.21966552734375
2025/02/12 04:30, 2015.4296875, 2011.653076171875, 493.33135986328125
2025/02/12 04:45, 2015.4296875, 2011.695068359375, 492.6180419921875
2025/02/12 05:00, 2015.3876953125, 2011.611083984375, 495.555419921875
2025/02/12 05:15, 2015.513427734375, 2011.695068359375, 494.96795654296875
2025/02/12 05:30, 2015.4716796875, 2011.653076171875, 496.22674560546875
2025/02/12 05:45, 2015.513427734375, 2011.737060546875, 497.4437255859375
2025/02/12 06:00, 2015.513427734375, 2011.611083984375, 499.20611572265625
2025/02/12 06:15, 2015.513427734375, 2011.611083984375, 498.36688232421875
2025/02/12 06:30, 2015.513427734375, 2011.653076171875, 501.22027587890625
2025/02/12 06:45, 2015.4716796875, 2011.653076171875, 496.43658447265625
2025/02/12 07:00, 2015.4296875, 2011.695068359375, 495.89111328125
2025/02/12 07:15, 2015.4716796875, 2011.653076171875, 499.79364013671875
2025/02/12 07:30, 2015.513427734375, 2011.653076171875, 493.9608154296875
2025/02/12 07:45, 2015.4296875, 2011.695068359375, 495.09381103515625
2025/02/12 08:00, 2015.4296875, 2011.653076171875, 490.51995849609375
2025/02/12 08:15, 2015.513427734375, 2011.653076171875, 486.617431640625
2025/02/12 08:30, 2015.4296875, 2011.611083984375, 478.9383544921875
2025/02/12 08:45, 2015.4296875, 2011.653076171875, 471.13330078125
2025/02/12 09:00, 2015.4716796875, 2011.695068359375, 463.1605224609375
2025/02/12 09:15, 2015.3876953125, 2011.527099609375, 455.31353759765625
2025/02/12 09:30, 2015.345703125, 2011.569091796875, 443.5640869140625
2025/02/12 09:45, 2015.345703125, 2011.611083984375, 433.99664306640625
2025/02/12 10:00, 2015.4296875, 2011.443359375, 423.590087890625
2025/02/12 10:15, 2015.4716796875, 2011.443359375, 412.17633056640625
2025/02/12 10:30, 2015.4716796875, 2011.443359375, 404.329345703125
2025/02/12 10:45, 2015.513427734375, 2011.4853515625, 400.17510986328125
2025/02/12 11:00, 2015.3876953125, 2011.4853515625, 397.40557861328125
2025/02/12 11:15, 2015.4296875, 2011.443359375, 387.922119140625
2025/02/12 11:30, 2015.4296875, 2011.443359375, 385.36236572265625
2025/02/12 11:45, 2015.4296875, 2011.401123046875, 385.11065673828125
2025/02/12 12:00, 2015.4716796875, 2011.359375, 382.84466552734375
2025/02/12 12:15, 2015.4716796875, 2011.359375, 383.68389892578125
2025/02/12 12:30, 2015.4296875, 2011.359375, 378.73236083984375
2025/02/12 12:45, 2015.4296875, 2011.401123046875, 374.41021728515625
2025/02/12 13:00, 2015.4716796875, 2011.443359375, 372.43798828125
2025/02/12 13:15, 2015.3876953125, 2011.359375, 370.08807373046875
2025/02/12 13:30, 2015.4716796875, 2011.359375, 371.76666259765625
2025/02/12 13:45, 2015.4296875, 2011.3173828125, 372.9835205078125
2025/02/12 14:00, 2015.4716796875, 2011.3173828125, 369.83636474609375
2025/02/12 14:15, 2015.513427734375, 2011.401123046875, 378.6904296875
2025/02/12 14:30, 2015.4296875, 2011.359375, 382.00543212890625
2025/02/12 14:45, 2015.3876953125, 2011.443359375, 384.98480224609375
2025/02/12 15:00, 2015.345703125, 2011.359375, 389.34881591796875
2025/02/12 15:15, 2015.3037109375, 2011.3173828125, 393.377197265625
2025/02/12 15:30, 2015.3876953125, 2011.359375, 398.62249755859375
2025/02/12 15:45, 2015.26171875, 2011.401123046875, 401.47589111328125
2025/02/12 16:00, 2015.3876953125, 2011.4853515625, 406.76324462890625
2025/02/12 16:15, 2015.3876953125, 2011.443359375, 411.96649169921875
2025/02/12 16:30, 2015.3876953125, 2011.401123046875, 421.07232666015625
2025/02/12 16:45, 2015.345703125, 2011.4853515625, 425.3944091796875
2025/02/12 17:00, 2015.345703125, 2011.443359375, 428.70947265625
2025/02/12 17:15, 2015.3876953125, 2011.443359375, 433.40924072265625
2025/02/12 17:30, 2015.3876953125, 2011.401123046875, 436.85015869140625
2025/02/12 17:45, 2015.345703125, 2011.359375, 446.4176025390625
2025/02/12 18:00, 2015.3876953125, 2011.401123046875, 454.47430419921875
2025/02/12 18:15, 2015.345703125, 2011.4853515625, 461.39813232421875
2025/02/12 18:30, 2015.345703125, 2011.443359375, 468.65753173828125
2025/02/12 18:45, 2015.345703125, 2011.4853515625, 474.32244873046875
2025/02/12 19:00, 2015.4296875, 2011.4853515625, 474.4903564453125
2025/02/12 19:15, 2015.4296875, 2011.443359375, 478.9383544921875
2025/02/12 19:30, 2015.345703125, 2011.443359375, 483.7220458984375
2025/02/12 19:45, 2015.513427734375, 2011.527099609375, 487.70849609375
2025/02/12 20:00, 2015.4296875, 2011.527099609375, 492.156494140625
2025/02/12 20:15, 2015.345703125, 2011.569091796875, 494.3385009765625
2025/02/12 20:30, 2015.4296875, 2011.4853515625, 496.6463623046875
2025/02/12 20:45, 2015.4716796875, 2011.569091796875, 499.96142578125
2025/02/12 21:00, 2015.4296875, 2011.569091796875, 498.912353515625
2025/02/12 21:15, 2015.4296875, 2011.569091796875, 503.19256591796875
2025/02/12 21:30, 2015.4716796875, 2011.611083984375, 503.31842041015625
2025/02/12 21:45, 2015.4296875, 2011.4853515625, 506.08795166015625
2025/02/12 22:00, 2015.4296875, 2011.569091796875, 507.6824951171875
2025/02/12 22:15, 2015.3876953125, 2011.527099609375, 508.22796630859375
2025/02/12 22:30, 2015.4296875, 2011.611083984375, 507.72442626953125
2025/02/12 22:45, 2015.513427734375, 2011.527099609375, 509.44488525390625
2025/02/12 23:00, 2015.4716796875, 2011.527099609375, 512.0465087890625
2025/02/12 23:15, 2015.3876953125, 2011.4853515625, 509.151123046875
2025/02/12 23:30, 2015.4296875, 2011.527099609375, 510.8297119140625
2025/02/12 23:45, 2015.4716796875, 2011.569091796875, 513.5153198242188
2025/02/13 00:00, 2015.4296875, 2011.527099609375, 509.864501953125
2025/02/13 00:15, 2015.4716796875, 2011.611083984375, 507.3048095703125
2025/02/13 00:30, 2015.3876953125, 2011.653076171875, 504.03179931640625
2025/02/13 00:45, 2015.4716796875, 2011.695068359375, 502.395263671875
2025/02/13 01:00, 2015.3876953125, 2011.695068359375, 502.22735595703125
2025/02/13 01:15, 2015.513427734375, 2011.695068359375, 503.44427490234375
2025/02/13 01:30, 2015.513427734375, 2011.695068359375, 501.51397705078125
2025/02/13 01:45, 2015.4296875, 2011.695068359375, 498.53466796875
2025/02/13 02:00, 2015.4716796875, 2011.611083984375, 499.1221923828125
2025/02/13 02:15, 2015.513427734375, 2011.695068359375, 499.20611572265625
2025/02/13 02:30, 2015.4296875, 2011.695068359375, 500.38104248046875
2025/02/13 02:45, 2015.555419921875, 2011.77880859375, 499.70965576171875
2025/02/13 03:00, 2015.4716796875, 2011.653076171875, 497.90521240234375
2025/02/13 03:15, 2015.4296875, 2011.695068359375, 498.282958984375
2025/02/13 03:30, 2015.4716796875, 2011.737060546875, 501.052490234375
2025/02/13 03:45, 2015.4716796875, 2011.695068359375, 502.35321044921875
2025/02/13 04:00, 2015.4296875, 2011.695068359375, 501.51397705078125
2025/02/13 04:15, 2015.513427734375, 2011.695068359375, 502.94073486328125
2025/02/13 04:30, 2015.4716796875, 2011.695068359375, 504.07373046875
2025/02/13 04:45, 2015.513427734375, 2011.737060546875, 504.15765380859375
2025/02/13 05:00, 2015.345703125, 2011.527099609375, 502.73095703125
2025/02/13 05:15, 2015.555419921875, 2011.737060546875, 504.36749267578125
2025/02/13 05:30, 2015.4716796875, 2011.653076171875, 504.36749267578125
2025/02/13 05:45, 2015.513427734375, 2011.695068359375, 506.21380615234375
2025/02/13 06:00, 2015.4716796875, 2011.695068359375, 506.3397216796875
2025/02/13 06:15, 2015.4716796875, 2011.653076171875, 508.6895751953125
2025/02/13 06:30, 2015.513427734375, 2011.653076171875, 506.88519287109375
2025/02/13 06:45, 2015.4716796875, 2011.653076171875, 508.8994140625
2025/02/13 07:00, 2015.4296875, 2011.611083984375, 508.47979736328125
2025/02/13 07:15, 2015.345703125, 2011.569091796875, 510.49395751953125
2025/02/13 07:30, 2015.4296875, 2011.569091796875, 507.808349609375
2025/02/13 07:45, 2015.555419921875, 2011.653076171875, 501.0943603515625
2025/02/13 08:00, 2015.4716796875, 2011.611083984375, 488.7994384765625
2025/02/13 08:15, 2015.3876953125, 2011.527099609375, 478.14105224609375
2025/02/13 08:30, 2015.3876953125, 2011.527099609375, 469.454833984375
2025/02/13 08:45, 2015.345703125, 2011.401123046875, 459.76153564453125
2025/02/13 09:00, 2015.3876953125, 2011.4853515625, 447.08892822265625
2025/02/13 09:15, 2015.4296875, 2011.401123046875, 439.99737548828125
2025/02/13 09:30, 2015.4296875, 2011.3173828125, 430.681640625
2025/02/13 09:45, 2015.4716796875, 2011.4853515625, 422.5830078125
2025/02/13 10:00, 2015.4716796875, 2011.401123046875, 414.10662841796875
2025/02/13 10:15, 2015.4296875, 2011.359375, 408.06396484375
2025/02/13 10:30, 2015.513427734375, 2011.359375, 406.04986572265625
2025/02/13 10:45, 2015.513427734375, 2011.359375, 397.53143310546875
2025/02/13 11:00, 2015.4296875, 2011.3173828125, 395.85296630859375
2025/02/13 11:15, 2015.4716796875, 2011.401123046875, 390.22998046875
2025/02/13 11:30, 2015.4716796875, 2011.3173828125, 386.57928466796875
2025/02/13 11:45, 2015.4716796875, 2011.3173828125, 381.16619873046875
2025/02/13 12:00, 2015.4716796875, 2011.275390625, 379.5296630859375
2025/02/13 12:15, 2015.4716796875, 2011.359375, 377.4735107421875
2025/02/13 12:30, 2015.3876953125, 2011.275390625, 374.87188720703125
2025/02/13 12:45, 2015.513427734375, 2011.275390625, 370.5076904296875
2025/02/13 13:00, 2015.513427734375, 2011.19140625, 371.72467041015625
2025/02/13 13:15, 2015.513427734375, 2011.3173828125, 375.29150390625
2025/02/13 13:30, 2015.513427734375, 2011.359375, 374.87188720703125
2025/02/13 13:45, 2015.513427734375, 2011.3173828125, 375.71112060546875
2025/02/13 14:00, 2015.4296875, 2011.275390625, 382.802734375
2025/02/13 14:15, 2015.3876953125, 2011.3173828125, 392.3701171875
2025/02/13 14:30, 2015.555419921875, 2011.275390625, 393.41912841796875
2025/02/13 14:45, 2015.4296875, 2011.3173828125, 390.56573486328125
2025/02/13 15:00, 2015.3876953125, 2011.275390625, 394.2164306640625
2025/02/13 15:15, 2015.4716796875, 2011.275390625, 391.27911376953125
2025/02/13 15:30, 2015.4716796875, 2011.275390625, 394.6781005859375
2025/02/13 15:45, 2015.4716796875, 2011.3173828125, 396.230712890625
2025/02/13 16:00, 2015.4296875, 2011.359375, 394.76190185546875
2025/02/13 16:15, 2015.4296875, 2011.3173828125, 394.97174072265625
2025/02/13 16:30, 2015.3876953125, 2011.359375, 396.52435302734375
2025/02/13 16:45, 2015.345703125, 2011.275390625, 403.615966796875
2025/02/13 17:00, 2015.4296875, 2011.359375, 412.21826171875
2025/02/13 17:15, 2015.3876953125, 2011.275390625, 424.34539794921875
2025/02/13 17:30, 2015.3876953125, 2011.3173828125, 434.24847412109375
2025/02/13 17:45, 2015.345703125, 2011.3173828125, 444.90692138671875
2025/02/13 18:00, 2015.4296875, 2011.2333984375, 454.2225341796875
2025/02/13 18:15, 2015.3037109375, 2011.275390625, 464.08367919921875
2025/02/13 18:30, 2015.3876953125, 2011.275390625, 469.95843505859375
2025/02/13 18:45, 2015.3876953125, 2011.359375, 475.87506103515625
2025/02/13 19:00, 2015.3876953125, 2011.275390625, 480.57489013671875
2025/02/13 19:15, 2015.4296875, 2011.2333984375, 485.82012939453125
2025/02/13 19:30, 2015.3037109375, 2011.2333984375, 489.302978515625
2025/02/13 19:45, 2015.345703125, 2011.3173828125, 495.6392822265625
2025/02/13 20:00, 2015.4296875, 2011.359375, 496.47857666015625
2025/02/13 20:15, 2015.3876953125, 2011.359375, 499.0382080078125
2025/02/13 20:30, 2015.3037109375, 2011.359375, 502.0595703125
2025/02/13 20:45, 2015.345703125, 2011.359375, 503.822021484375
2025/02/13 21:00, 2015.345703125, 2011.3173828125, 505.83612060546875
2025/02/13 21:15, 2015.4296875, 2011.3173828125, 508.0181884765625
2025/02/13 21:30, 2015.345703125, 2011.275390625, 509.61279296875
2025/02/13 21:45, 2015.3876953125, 2011.3173828125, 510.3680419921875
2025/02/13 22:00, 2015.3037109375, 2011.359375, 511.291259765625
2025/02/13 22:15, 2015.3876953125, 2011.3173828125, 511.6689453125
2025/02/13 22:30, 2015.3876953125, 2011.443359375, 513.6411743164062
2025/02/13 22:45, 2015.4296875, 2011.4853515625, 512.4661254882812
2025/02/13 23:00, 2015.3876953125, 2011.3173828125, 514.2705688476562
2025/02/13 23:15, 2015.4296875, 2011.359375, 515.7392578125
2025/02/13 23:30, 2015.345703125, 2011.359375, 515.2777099609375
2025/02/13 23:45, 2015.4716796875, 2011.401123046875, 516.3267211914062
2025/02/14 00:00, 2015.4296875, 2011.401123046875, 516.6204833984375
2025/02/14 00:15, 2015.345703125, 2011.401123046875, 517.2078857421875
2025/02/14 00:30, 2015.4296875, 2011.443359375, 516.36865234375
2025/02/14 00:45, 2015.3037109375, 2011.443359375, 517.2499389648438
2025/02/14 01:00, 2015.3876953125, 2011.401123046875, 515.403564453125
2025/02/14 01:15, 2015.3876953125, 2011.401123046875, 515.4874877929688
2025/02/14 01:30, 2015.345703125, 2011.401123046875, 515.403564453125
2025/02/14 01:45, 2015.3876953125, 2011.401123046875, 514.8580932617188
2025/02/14 02:00, 2015.4716796875, 2011.401123046875, 518.047119140625
2025/02/14 02:15, 2015.4716796875, 2011.4853515625, 518.173095703125
2025/02/14 02:30, 2015.4716796875, 2011.527099609375, 516.3267211914062
2025/02/14 02:45, 2015.4716796875, 2011.569091796875, 518.4668579101562
2025/02/14 03:00, 2015.345703125, 2011.359375, 517.6695556640625
2025/02/14 03:15, 2015.345703125, 2011.4853515625, 519.0123291015625
2025/02/14 03:30, 2015.4716796875, 2011.4853515625, 522.1594848632812
2025/02/14 03:45, 2015.3876953125, 2011.4853515625, 519.0962524414062
2025/02/14 04:00, 2015.4296875, 2011.4853515625, 519.22216796875
2025/02/14 04:15, 2015.4296875, 2011.443359375, 521.1524047851562
2025/02/14 04:30, 2015.4296875, 2011.527099609375, 518.9703369140625
2025/02/14 04:45, 2015.3876953125, 2011.527099609375, 520.4390869140625
2025/02/14 05:00, 2015.4296875, 2011.443359375, 519.5578002929688
2025/02/14 05:15, 2015.4716796875, 2011.569091796875, 521.6558837890625
2025/02/14 05:30, 2015.4716796875, 2011.527099609375, 518.2570190429688
2025/02/14 05:45, 2015.513427734375, 2011.443359375, 521.2362670898438
2025/02/14 06:00, 2015.4716796875, 2011.443359375, 520.103271484375
2025/02/14 06:15, 2015.4296875, 2011.443359375, 522.3692626953125
2025/02/14 06:30, 2015.4296875, 2011.401123046875, 520.4390869140625
2025/02/14 06:45, 2015.3876953125, 2011.443359375, 522.4112548828125
2025/02/14 07:00, 2015.3876953125, 2011.443359375, 526.3975830078125
2025/02/14 07:15, 2015.4296875, 2011.527099609375, 522.6630249023438
2025/02/14 07:30, 2015.345703125, 2011.401123046875, 521.9916381835938
2025/02/14 07:45, 2015.4296875, 2011.4853515625, 519.4319458007812
2025/02/14 08:00, 2015.4296875, 2011.443359375, 517.459716796875
2025/02/14 08:15, 2015.345703125, 2011.4853515625, 512.5081787109375
2025/02/14 08:30, 2015.3876953125, 2011.401123046875, 505.96197509765625
2025/02/14 08:45, 2015.3876953125, 2011.401123046875, 497.947265625
2025/02/14 09:00, 2015.4296875, 2011.4853515625, 489.80657958984375
2025/02/14 09:15, 2015.4296875, 2011.359375, 474.19659423828125
2025/02/14 09:30, 2015.3876953125, 2011.401123046875, 464.41937255859375
2025/02/14 09:45, 2015.4716796875, 2011.359375, 454.2225341796875
2025/02/14 10:00, 2015.3037109375, 2011.359375, 445.78814697265625
2025/02/14 10:15, 2015.3876953125, 2011.401123046875, 436.3046875
2025/02/14 10:30, 2015.4716796875, 2011.443359375, 432.3602294921875
2025/02/14 10:45, 2015.4716796875, 2011.4853515625, 426.14971923828125
2025/02/14 11:00, 2015.4296875, 2011.359375, 422.07940673828125
2025/02/14 11:15, 2015.4716796875, 2011.3173828125, 415.57525634765625
2025/02/14 11:30, 2015.3037109375, 2011.275390625, 409.07110595703125
2025/02/14 11:45, 2015.345703125, 2011.275390625, 403.74188232421875
2025/02/14 12:00, 2015.513427734375, 2011.3173828125, 398.24481201171875
2025/02/14 12:15, 2015.3037109375, 2011.275390625, 398.62249755859375
2025/02/14 12:30, 2015.4296875, 2011.275390625, 394.84588623046875
2025/02/14 12:45, 2015.4716796875, 2011.443359375, 391.69873046875
2025/02/14 13:00, 2015.345703125, 2011.3173828125, 392.747802734375
2025/02/14 13:15, 2015.345703125, 2011.359375, 394.46826171875
2025/02/14 13:30, 2015.3876953125, 2011.275390625, 392.5379638671875
2025/02/14 13:45, 2015.4296875, 2011.359375, 389.55865478515625
2025/02/14 14:00, 2015.4296875, 2011.359375, 392.70574951171875
2025/02/14 14:15, 2015.4296875, 2011.3173828125, 391.8245849609375
2025/02/14 14:30, 2015.3876953125, 2011.3173828125, 392.78973388671875
2025/02/14 14:45, 2015.513427734375, 2011.275390625, 395.3074951171875
2025/02/14 15:00, 2015.555419921875, 2011.359375, 395.6431884765625
2025/02/14 15:15, 2015.59765625, 2011.401123046875, 393.5870361328125
2025/02/14 15:30, 2015.3876953125, 2011.401123046875, 393.33526611328125
2025/02/14 15:45, 2015.4296875, 2011.359375, 394.6781005859375
2025/02/14 16:00, 2015.555419921875, 2011.4853515625, 395.22357177734375
2025/02/14 16:15, 2015.4296875, 2011.3173828125, 397.78326416015625
2025/02/14 16:30, 2015.555419921875, 2011.3173828125, 400.76251220703125
2025/02/14 16:45, 2015.513427734375, 2011.275390625, 401.72772216796875
2025/02/14 17:00, 2015.4296875, 2011.443359375, 407.51849365234375
2025/02/14 17:15, 2015.4296875, 2011.359375, 410.16217041015625
2025/02/14 17:30, 2015.345703125, 2011.2333984375, 421.0303955078125
2025/02/14 17:45, 2015.345703125, 2011.3173828125, 433.15740966796875
2025/02/14 18:00, 2015.3876953125, 2011.3173828125, 444.781005859375
2025/02/14 18:15, 2015.3876953125, 2011.275390625, 453.38330078125
2025/02/14 18:30, 2015.345703125, 2011.3173828125, 463.07659912109375
2025/02/14 18:45, 2015.345703125, 2011.359375, 467.52459716796875
2025/02/14 19:00, 2015.345703125, 2011.401123046875, 470.0423583984375
2025/02/14 19:15, 2015.3037109375, 2011.401123046875, 473.2734375
2025/02/14 19:30, 2015.3876953125, 2011.443359375, 478.1829833984375
2025/02/14 19:45, 2015.3876953125, 2011.359375, 483.176513671875
2025/02/14 20:00, 2015.3876953125, 2011.4853515625, 486.23974609375
2025/02/14 20:15, 2015.3876953125, 2011.401123046875, 492.57611083984375
2025/02/14 20:30, 2015.4716796875, 2011.443359375, 496.268798828125
2025/02/14 20:45, 2015.4296875, 2011.443359375, 497.19189453125
2025/02/14 21:00, 2015.3876953125, 2011.443359375, 498.4088134765625
2025/02/14 21:15, 2015.513427734375, 2011.4853515625, 498.70257568359375
2025/02/14 21:30, 2015.4716796875, 2011.443359375, 500.716796875
2025/02/14 21:45, 2015.4296875, 2011.401123046875, 505.164794921875
2025/02/14 22:00, 2015.4716796875, 2011.4853515625, 506.6334228515625
2025/02/14 22:15, 2015.345703125, 2011.401123046875, 506.6334228515625
2025/02/14 22:30, 2015.4296875, 2011.4853515625, 507.01116943359375
2025/02/14 22:45, 2015.4296875, 2011.401123046875, 507.3048095703125
2025/02/14 23:00, 2015.345703125, 2011.4853515625, 508.563720703125
2025/02/14 23:15, 2015.4716796875, 2011.527099609375, 511.33319091796875
2025/02/14 23:30, 2015.3876953125, 2011.527099609375, 513.9349365234375
2025/02/14 23:45, 2015.4296875, 2011.401123046875, 511.920654296875
2025/02/15 00:00, 2015.3876953125, 2011.401123046875, 510.91357421875
2025/02/15 00:15, 2015.3876953125, 2011.527099609375, 510.74578857421875
2025/02/15 00:30, 2015.3037109375, 2011.401123046875, 512.0465087890625
2025/02/15 00:45, 2015.345703125, 2011.4853515625, 512.7598876953125
2025/02/15 01:00, 2015.4296875, 2011.4853515625, 510.2421875
2025/02/15 01:15, 2015.3037109375, 2011.4853515625, 509.7386474609375
2025/02/15 01:30, 2015.3876953125, 2011.527099609375, 512.0885620117188
2025/02/15 01:45, 2015.4296875, 2011.527099609375, 511.12335205078125
2025/02/15 02:00, 2015.345703125, 2011.611083984375, 512.25634765625
2025/02/15 02:15, 2015.4716796875, 2011.527099609375, 512.6759643554688
2025/02/15 02:30, 2015.3876953125, 2011.527099609375, 514.5223388671875
2025/02/15 02:45, 2015.4296875, 2011.527099609375, 511.24932861328125
2025/02/15 03:00, 2015.3876953125, 2011.611083984375, 514.6062622070312
2025/02/15 03:15, 2015.345703125, 2011.527099609375, 514.2705688476562
2025/02/15 03:30, 2015.345703125, 2011.527099609375, 514.060791015625
2025/02/15 03:45, 2015.513427734375, 2011.4853515625, 517.459716796875
2025/02/15 04:00, 2015.555419921875, 2011.611083984375, 515.9071044921875
2025/02/15 04:15, 2015.3876953125, 2011.4853515625, 515.02587890625
2025/02/15 04:30, 2015.345703125, 2011.527099609375, 514.2285766601562
2025/02/15 04:45, 2015.4296875, 2011.527099609375, 513.59912109375
2025/02/15 05:00, 2015.3876953125, 2011.569091796875, 513.3054809570312
2025/02/15 05:15, 2015.3876953125, 2011.569091796875, 513.8928833007812
2025/02/15 05:30, 2015.4716796875, 2011.569091796875, 512.2144165039062
2025/02/15 05:45, 2015.4716796875, 2011.569091796875, 514.7321166992188
2025/02/15 06:00, 2015.3876953125, 2011.527099609375, 513.59912109375
2025/02/15 06:15, 2015.4296875, 2011.653076171875, 513.1375732421875
2025/02/15 06:30, 2015.4716796875, 2011.611083984375, 514.2705688476562
2025/02/15 06:45, 2015.4296875, 2011.569091796875, 512.1724853515625
2025/02/15 07:00, 2015.4716796875, 2011.527099609375, 510.15826416015625
2025/02/15 07:15, 2015.4296875, 2011.527099609375, 510.66180419921875
2025/02/15 07:30, 2015.3876953125, 2011.569091796875, 509.94842529296875
2025/02/15 07:45, 2015.4296875, 2011.443359375, 500.8426513671875
2025/02/15 08:00, 2015.4296875, 2011.653076171875, 498.11505126953125
2025/02/15 08:15, 2015.4296875, 2011.4853515625, 485.5263671875
2025/02/15 08:30, 2015.26171875, 2011.4853515625, 471.80474853515625
2025/02/15 08:45, 2015.3876953125, 2011.527099609375, 465.00689697265625
2025/02/15 09:00, 2015.3876953125, 2011.527099609375, 456.2786865234375
2025/02/15 09:15, 2015.3876953125, 2011.401123046875, 444.19354248046875
2025/02/15 09:30, 2015.3876953125, 2011.443359375, 437.7733154296875
2025/02/15 09:45, 2015.4296875, 2011.401123046875, 426.947021484375
2025/02/15 10:00, 2015.3876953125, 2011.275390625, 415.994873046875
2025/02/15 10:15, 2015.4296875, 2011.401123046875, 414.90380859375
2025/02/15 10:30, 2015.3876953125, 2011.3173828125, 406.1337890625
2025/02/15 10:45, 2015.4716796875, 2011.3173828125, 402.06341552734375
2025/02/15 11:00, 2015.3876953125, 2011.3173828125, 400.4268798828125
2025/02/15 11:15, 2015.3876953125, 2011.3173828125, 396.146728515625
2025/02/15 11:30, 2015.513427734375, 2011.401123046875, 398.24481201171875
2025/02/15 11:45, 2015.513427734375, 2011.401123046875, 393.8387451171875
2025/02/15 12:00, 2015.513427734375, 2011.359375, 390.8594970703125
2025/02/15 12:15, 2015.4716796875, 2011.401123046875, 389.7684326171875
2025/02/15 12:30, 2015.513427734375, 2011.401123046875, 389.22296142578125
2025/02/15 12:45, 2015.59765625, 2011.359375, 387.79620361328125
2025/02/15 13:00, 2015.513427734375, 2011.401123046875, 388.4256591796875
2025/02/15 13:15, 2015.4716796875, 2011.275390625, 389.93634033203125
2025/02/15 13:30, 2015.59765625, 2011.401123046875, 389.68450927734375
2025/02/15 13:45, 2015.513427734375, 2011.3173828125, 390.1041259765625
2025/02/15 14:00, 2015.555419921875, 2011.443359375, 392.95758056640625
2025/02/15 14:15, 2015.555419921875, 2011.401123046875, 394.17449951171875
2025/02/15 14:30, 2015.555419921875, 2011.401123046875, 397.15386962890625
2025/02/15 14:45, 2015.555419921875, 2011.359375, 398.0350341796875
2025/02/15 15:00, 2015.59765625, 2011.401123046875, 400.17510986328125
2025/02/15 15:15, 2015.4296875, 2011.275390625, 402.06341552734375
2025/02/15 15:30, 2015.555419921875, 2011.2333984375, 408.77734375
2025/02/15 15:45, 2015.513427734375, 2011.401123046875, 408.69342041015625
2025/02/15 16:00, 2015.513427734375, 2011.401123046875, 408.861328125
2025/02/15 16:15, 2015.555419921875, 2011.443359375, 410.95941162109375
2025/02/15 16:30, 2015.555419921875, 2011.401123046875, 413.39324951171875
2025/02/15 16:45, 2015.3876953125, 2011.401123046875, 411.50494384765625
2025/02/15 17:00, 2015.555419921875, 2011.4853515625, 415.6591796875
2025/02/15 17:15, 2015.513427734375, 2011.3173828125, 415.70111083984375
2025/02/15 17:30, 2015.513427734375, 2011.359375, 422.91864013671875
2025/02/15 17:45, 2015.513427734375, 2011.275390625, 424.59710693359375
2025/02/15 18:00, 2015.4296875, 2011.2333984375, 432.31817626953125
2025/02/15 18:15, 2015.4716796875, 2011.401123046875, 445.28460693359375
2025/02/15 18:30, 2015.3037109375, 2011.275390625, 453.1734619140625
2025/02/15 18:45, 2015.3876953125, 2011.401123046875, 463.1605224609375
2025/02/15 19:00, 2015.4296875, 2011.401123046875, 467.734375
2025/02/15 19:15, 2015.345703125, 2011.359375, 471.80474853515625
2025/02/15 19:30, 2015.4296875, 2011.443359375, 477.04998779296875
2025/02/15 19:45, 2015.345703125, 2011.359375, 481.91766357421875
2025/02/15 20:00, 2015.4296875, 2011.443359375, 485.02288818359375
2025/02/15 20:15, 2015.345703125, 2011.443359375, 487.91827392578125
2025/02/15 20:30, 2015.3876953125, 2011.401123046875, 488.96734619140625
2025/02/15 20:45, 2015.345703125, 2011.401123046875, 494.63226318359375
2025/02/15 21:00, 2015.3876953125, 2011.4853515625, 493.54119873046875
2025/02/15 21:15, 2015.3876953125, 2011.4853515625, 496.0589599609375
2025/02/15 21:30, 2015.345703125, 2011.443359375, 494.46435546875
2025/02/15 21:45, 2015.4296875, 2011.527099609375, 500.00341796875
2025/02/15 22:00, 2015.3876953125, 2011.4853515625, 500.67474365234375
2025/02/15 22:15, 2015.345703125, 2011.4853515625, 501.0943603515625
2025/02/15 22:30, 2015.4296875, 2011.527099609375, 501.13641357421875
2025/02/15 22:45, 2015.3876953125, 2011.569091796875, 501.59796142578125
2025/02/15 23:00, 2015.3876953125, 2011.611083984375, 500.2132568359375
2025/02/15 23:15, 2015.3876953125, 2011.4853515625, 498.7864990234375
2025/02/15 23:30, 2015.3876953125, 2011.527099609375, 500.42303466796875
2025/02/15 23:45, 2015.345703125, 2011.611083984375, 503.98980712890625
2025/02/16 00:00, 2015.3037109375, 2011.653076171875, 500.88458251953125
2025/02/16 00:15, 2015.4296875, 2011.653076171875, 502.395263671875
2025/02/16 00:30, 2015.3876953125, 2011.653076171875, 498.70257568359375
2025/02/16 00:45, 2015.3876953125, 2011.737060546875, 498.282958984375
2025/02/16 01:00, 2015.4296875, 2011.737060546875, 501.681884765625
2025/02/16 01:15, 2015.4296875, 2011.695068359375, 500.08734130859375
2025/02/16 01:30, 2015.513427734375, 2011.77880859375, 499.1221923828125
2025/02/16 01:45, 2015.4296875, 2011.77880859375, 499.83551025390625
2025/02/16 02:00, 2015.555419921875, 2011.737060546875, 501.34619140625
2025/02/16 02:15, 2015.513427734375, 2011.695068359375, 501.84979248046875
2025/02/16 02:30, 2015.4716796875, 2011.737060546875, 502.77294921875
2025/02/16 02:45, 2015.4716796875, 2011.77880859375, 500.88458251953125
2025/02/16 03:00, 2015.4716796875, 2011.77880859375, 502.5211181640625
2025/02/16 03:15, 2015.555419921875, 2011.77880859375, 506.507568359375
2025/02/16 03:30, 2015.513427734375, 2011.737060546875, 506.80133056640625
2025/02/16 03:45, 2015.4716796875, 2011.653076171875, 508.43780517578125
2025/02/16 04:00, 2015.555419921875, 2011.695068359375, 505.37457275390625
2025/02/16 04:15, 2015.59765625, 2011.695068359375, 507.05303955078125
2025/02/16 04:30, 2015.513427734375, 2011.695068359375, 507.3468017578125
2025/02/16 04:45, 2015.555419921875, 2011.695068359375, 507.178955078125
2025/02/16 05:00, 2015.3876953125, 2011.611083984375, 510.7037353515625
2025/02/16 05:15, 2015.513427734375, 2011.611083984375, 507.97625732421875
2025/02/16 05:30, 2015.4716796875, 2011.611083984375, 510.78765869140625
2025/02/16 05:45, 2015.4716796875, 2011.653076171875, 509.94842529296875
2025/02/16 06:00, 2015.4716796875, 2011.653076171875, 509.69671630859375
2025/02/16 06:15, 2015.4296875, 2011.611083984375, 510.7037353515625
2025/02/16 06:30, 2015.4296875, 2011.569091796875, 510.3680419921875
2025/02/16 06:45, 2015.4716796875, 2011.653076171875, 512.8857421875
2025/02/16 07:00, 2015.513427734375, 2011.82080078125, 514.8160400390625
2025/02/16 07:15, 2015.3876953125, 2011.653076171875, 513.3893432617188
2025/02/16 07:30, 2015.4716796875, 2011.653076171875, 505.08087158203125
2025/02/16 07:45, 2015.3876953125, 2011.653076171875, 493.66705322265625
2025/02/16 08:00, 2015.3876953125, 2011.611083984375, 485.7781982421875
2025/02/16 08:15, 2015.3876953125, 2011.569091796875, 474.6162109375
2025/02/16 08:30, 2015.4716796875, 2011.653076171875, 464.5872802734375
2025/02/16 08:45, 2015.513427734375, 2011.569091796875, 454.8519287109375
2025/02/16 09:00, 2015.4296875, 2011.611083984375, 442.13739013671875
2025/02/16 09:15, 2015.4296875, 2011.569091796875, 431.6468505859375
2025/02/16 09:30, 2015.3876953125, 2011.443359375, 422.79278564453125
2025/02/16 09:45, 2015.4716796875, 2011.443359375, 416.41448974609375
2025/02/16 10:00, 2015.4296875, 2011.359375, 408.94525146484375
2025/02/16 10:15, 2015.4296875, 2011.359375, 401.85357666015625
2025/02/16 10:30, 2015.4716796875, 2011.359375, 396.104736328125
2025/02/16 10:45, 2015.59765625, 2011.401123046875, 392.6219482421875
2025/02/16 11:00, 2015.513427734375, 2011.401123046875, 387.964111328125
2025/02/16 11:15, 2015.4296875, 2011.359375, 384.90081787109375
2025/02/16 11:30, 2015.555419921875, 2011.275390625, 382.8865966796875
2025/02/16 11:45, 2015.513427734375, 2011.359375, 377.89312744140625
2025/02/16 12:00, 2015.555419921875, 2011.3173828125, 374.91375732421875
2025/02/16 12:15, 2015.4716796875, 2011.3173828125, 373.78082275390625
2025/02/16 12:30, 2015.555419921875, 2011.359375, 373.78082275390625
2025/02/16 12:45, 2015.555419921875, 2011.359375, 372.773681640625
2025/02/16 13:00, 2015.555419921875, 2011.275390625, 372.144287109375
2025/02/16 13:15, 2015.555419921875, 2011.359375, 372.9835205078125
2025/02/16 13:30, 2015.513427734375, 2011.275390625, 373.82281494140625
2025/02/16 13:45, 2015.4716796875, 2011.359375, 380.62060546875
2025/02/16 14:00, 2015.513427734375, 2011.3173828125, 380.78851318359375
2025/02/16 14:15, 2015.59765625, 2011.359375, 382.425048828125
2025/02/16 14:30, 2015.555419921875, 2011.3173828125, 385.0267333984375
2025/02/16 14:45, 2015.513427734375, 2011.275390625, 384.439208984375
2025/02/16 15:00, 2015.59765625, 2011.401123046875, 387.79620361328125
2025/02/16 15:15, 2015.555419921875, 2011.3173828125, 388.46759033203125
2025/02/16 15:30, 2015.513427734375, 2011.443359375, 390.1041259765625
2025/02/16 15:45, 2015.4296875, 2011.275390625, 391.02728271484375
2025/02/16 16:00, 2015.4296875, 2011.3173828125, 389.7684326171875
2025/02/16 16:15, 2015.513427734375, 2011.359375, 392.2861328125
2025/02/16 16:30, 2015.513427734375, 2011.359375, 391.48895263671875
2025/02/16 16:45, 2015.513427734375, 2011.3173828125, 395.6431884765625
2025/02/16 17:00, 2015.513427734375, 2011.359375, 395.47528076171875
2025/02/16 17:15, 2015.345703125, 2011.19140625, 402.4830322265625
2025/02/16 17:30, 2015.4296875, 2011.19140625, 410.16217041015625
2025/02/16 17:45, 2015.4296875, 2011.275390625, 415.23956298828125
2025/02/16 18:00, 2015.4296875, 2011.1494140625, 424.5133056640625
2025/02/16 18:15, 2015.26171875, 2011.1494140625, 436.6822509765625
2025/02/16 18:30, 2015.345703125, 2011.1494140625, 448.3477783203125
2025/02/16 18:45, 2015.3876953125, 2011.275390625, 457.53753662109375
2025/02/16 19:00, 2015.3876953125, 2011.275390625, 469.03521728515625
2025/02/16 19:15, 2015.3037109375, 2011.275390625, 471.30120849609375
2025/02/16 19:30, 2015.4296875, 2011.359375, 473.94476318359375
2025/02/16 19:45, 2015.3037109375, 2011.3173828125, 479.777587890625
2025/02/16 20:00, 2015.345703125, 2011.3173828125, 484.05767822265625
2025/02/16 20:15, 2015.4296875, 2011.359375, 489.386962890625
2025/02/16 20:30, 2015.345703125, 2011.3173828125, 492.743896484375
2025/02/16 20:45, 2015.345703125, 2011.359375, 493.54119873046875
2025/02/16 21:00, 2015.4716796875, 2011.401123046875, 498.82843017578125
2025/02/16 21:15, 2015.3876953125, 2011.401123046875, 499.20611572265625
2025/02/16 21:30, 2015.3037109375, 2011.443359375, 499.45782470703125
2025/02/16 21:45, 2015.3876953125, 2011.4853515625, 503.65411376953125
2025/02/16 22:00, 2015.3876953125, 2011.443359375, 505.752197265625
2025/02/16 22:15, 2015.3876953125, 2011.401123046875, 505.6263427734375
2025/02/16 22:30, 2015.4296875, 2011.443359375, 505.6263427734375
2025/02/16 22:45, 2015.4296875, 2011.443359375, 507.13702392578125
2025/02/16 23:00, 2015.3876953125, 2011.401123046875, 507.59857177734375
2025/02/16 23:15, 2015.345703125, 2011.401123046875, 510.53594970703125
2025/02/16 23:30, 2015.3876953125, 2011.401123046875, 509.235107421875
2025/02/16 23:45, 2015.4716796875, 2011.4853515625, 509.4869384765625
2025/02/17 00:00, 2015.4296875, 2011.527099609375, 511.03948974609375
2025/02/17 00:15, 2015.4296875, 2011.569091796875, 511.6689453125
2025/02/17 00:30, 2015.3876953125, 2011.569091796875, 510.3680419921875
2025/02/17 00:45, 2015.345703125, 2011.527099609375, 509.61279296875
2025/02/17 01:00, 2015.345703125, 2011.4853515625, 506.92718505859375
2025/02/17 01:15, 2015.4296875, 2011.4853515625, 508.6475830078125
2025/02/17 01:30, 2015.4716796875, 2011.569091796875, 512.004638671875
2025/02/17 01:45, 2015.4296875, 2011.4853515625, 513.5571899414062
2025/02/17 02:00, 2015.513427734375, 2011.569091796875, 514.0187377929688
2025/02/17 02:15, 2015.3876953125, 2011.4853515625, 512.004638671875
2025/02/17 02:30, 2015.3876953125, 2011.443359375, 512.4661254882812
2025/02/17 02:45, 2015.4716796875, 2011.527099609375, 509.78057861328125
2025/02/17 03:00, 2015.513427734375, 2011.4853515625, 513.59912109375
2025/02/17 03:15, 2015.4296875, 2011.569091796875, 512.5081787109375
2025/02/17 03:30, 2015.4296875, 2011.359375, 513.976806640625
2025/02/17 03:45, 2015.4296875, 2011.4853515625, 511.58502197265625
2025/02/17 04:00, 2015.4296875, 2011.569091796875, 512.6759643554688
2025/02/17 04:15, 2015.4296875, 2011.569091796875, 514.6062622070312
2025/02/17 04:30, 2015.555419921875, 2011.569091796875, 513.2634887695312
2025/02/17 04:45, 2015.4296875, 2011.527099609375, 512.5501098632812
2025/02/17 05:00, 2015.3876953125, 2011.4853515625, 512.9697265625
2025/02/17 05:15, 2015.4296875, 2011.569091796875, 512.7598876953125
2025/02/17 05:30, 2015.4296875, 2011.569091796875, 516.830322265625
2025/02/17 05:45, 2015.4296875, 2011.527099609375, 516.2847290039062
2025/02/17 06:00, 2015.4716796875, 2011.527099609375, 515.9910888671875
2025/02/17 06:15, 2015.3876953125, 2011.4853515625, 518.7185668945312
2025/02/17 06:30, 2015.3876953125, 2011.527099609375, 517.0401000976562
2025/02/17 06:45, 2015.4296875, 2011.611083984375, 518.9284057617188
2025/02/17 07:00, 2015.3876953125, 2011.527099609375, 515.6973266601562
2025/02/17 07:15, 2015.4716796875, 2011.4853515625, 513.4732666015625
2025/02/17 07:30, 2015.3876953125, 2011.527099609375, 511.54296875
2025/02/17 07:45, 2015.3876953125, 2011.443359375, 507.38873291015625
2025/02/17 08:00, 2015.3876953125, 2011.527099609375, 498.53466796875
2025/02/17 08:15, 2015.3876953125, 2011.401123046875, 486.28173828125
2025/02/17 08:30, 2015.3876953125, 2011.443359375, 474.8260498046875
2025/02/17 08:45, 2015.26171875, 2011.401123046875, 466.1817626953125
2025/02/17 09:00, 2015.3037109375, 2011.359375, 453.00567626953125
2025/02/17 09:15, 2015.3876953125, 2011.359375, 443.98370361328125
2025/02/17 09:30, 2015.4296875, 2011.359375, 437.94122314453125
2025/02/17 09:45, 2015.3876953125, 2011.401123046875, 426.4854736328125
2025/02/17 10:00, 2015.345703125, 2011.359375, 417.50555419921875
2025/02/17 10:15, 2015.3876953125, 2011.359375, 411.6727294921875
2025/02/17 10:30, 2015.4716796875, 2011.275390625, 406.0078125
2025/02/17 10:45, 2015.513427734375, 2011.3173828125, 400.0911865234375
2025/02/17 11:00, 2015.4296875, 2011.275390625, 392.78973388671875
2025/02/17 11:15, 2015.513427734375, 2011.359375, 388.88720703125
2025/02/17 11:30, 2015.4716796875, 2011.401123046875, 388.92919921875
2025/02/17 11:45, 2015.3876953125, 2011.359375, 386.20159912109375
2025/02/17 12:00, 2015.513427734375, 2011.359375, 385.3204345703125
2025/02/17 12:15, 2015.4296875, 2011.3173828125, 382.2572021484375
2025/02/17 12:30, 2015.4296875, 2011.275390625, 381.75360107421875
2025/02/17 12:45, 2015.513427734375, 2011.3173828125, 381.6697998046875
2025/02/17 13:00, 2015.4296875, 2011.275390625, 384.439208984375
2025/02/17 13:15, 2015.555419921875, 2011.2333984375, 385.9918212890625
2025/02/17 13:30, 2015.513427734375, 2011.359375, 385.44635009765625
2025/02/17 13:45, 2015.513427734375, 2011.359375, 387.838134765625
2025/02/17 14:00, 2015.3876953125, 2011.2333984375, 387.16680908203125
2025/02/17 14:15, 2015.345703125, 2011.3173828125, 387.41851806640625
2025/02/17 14:30, 2015.513427734375, 2011.359375, 388.2158203125
2025/02/17 14:45, 2015.513427734375, 2011.3173828125, 387.62835693359375
2025/02/17 15:00, 2015.513427734375, 2011.3173828125, 389.18096923828125
2025/02/17 15:15, 2015.4716796875, 2011.3173828125, 393.9647216796875
2025/02/17 15:30, 2015.513427734375, 2011.401123046875, 393.41912841796875
2025/02/17 15:45, 2015.3876953125, 2011.401123046875, 394.84588623046875
2025/02/17 16:00, 2015.3037109375, 2011.401123046875, 396.39849853515625
2025/02/17 16:15, 2015.3876953125, 2011.3173828125, 395.09771728515625
2025/02/17 16:30, 2015.4716796875, 2011.359375, 390.9853515625
2025/02/17 16:45, 2015.4296875, 2011.275390625, 393.29327392578125
2025/02/17 17:00, 2015.4296875, 2011.3173828125, 396.18865966796875
2025/02/17 17:15, 2015.4296875, 2011.359375, 397.61541748046875
2025/02/17 17:30, 2015.3876953125, 2011.2333984375, 403.65802001953125
2025/02/17 17:45, 2015.345703125, 2011.19140625, 407.4765625
2025/02/17 18:00, 2015.3876953125, 2011.1494140625, 421.15625
2025/02/17 18:15, 2015.3876953125, 2011.1494140625, 434.33245849609375
2025/02/17 18:30, 2015.345703125, 2011.275390625, 445.03277587890625
2025/02/17 18:45, 2015.345703125, 2011.275390625, 451.95654296875
2025/02/17 19:00, 2015.3037109375, 2011.275390625, 461.69183349609375
2025/02/17 19:15, 2015.4296875, 2011.275390625, 467.06304931640625
2025/02/17 19:30, 2015.4296875, 2011.3173828125, 471.30120849609375
2025/02/17 19:45, 2015.3037109375, 2011.3173828125, 476.84014892578125
2025/02/17 20:00, 2015.345703125, 2011.359375, 481.9595947265625
2025/02/17 20:15, 2015.219970703125, 2011.3173828125, 485.946044921875
2025/02/17 20:30, 2015.3876953125, 2011.401123046875, 487.960205078125
2025/02/17 20:45, 2015.4296875, 2011.443359375, 493.8349609375
2025/02/17 21:00, 2015.4296875, 2011.527099609375, 498.11505126953125
2025/02/17 21:15, 2015.345703125, 2011.443359375, 498.912353515625
2025/02/17 21:30, 2015.4296875, 2011.4853515625, 502.60504150390625
2025/02/17 21:45, 2015.3876953125, 2011.443359375, 506.17181396484375
2025/02/17 22:00, 2015.4296875, 2011.401123046875, 502.31134033203125
2025/02/17 22:15, 2015.4296875, 2011.443359375, 503.52825927734375
2025/02/17 22:30, 2015.4296875, 2011.443359375, 506.88519287109375
2025/02/17 22:45, 2015.3876953125, 2011.443359375, 510.15826416015625
2025/02/17 23:00, 2015.345703125, 2011.401123046875, 507.556640625
2025/02/17 23:15, 2015.3876953125, 2011.527099609375, 511.03948974609375
2025/02/17 23:30, 2015.345703125, 2011.4853515625, 511.7947998046875
2025/02/17 23:45, 2015.345703125, 2011.443359375, 512.3402709960938
2025/02/18 00:00, 2015.3876953125, 2011.4853515625, 510.91357421875
2025/02/18 00:15, 2015.4296875, 2011.4853515625, 507.89227294921875
2025/02/18 00:30, 2015.4296875, 2011.611083984375, 503.6121826171875
2025/02/18 00:45, 2015.513427734375, 2011.653076171875, 503.696044921875
2025/02/18 01:00, 2015.555419921875, 2011.695068359375, 506.21380615234375
2025/02/18 01:15, 2015.555419921875, 2011.653076171875, 508.3118896484375
2025/02/18 01:30, 2015.513427734375, 2011.737060546875, 504.6612548828125
2025/02/18 01:45, 2015.4716796875, 2011.695068359375, 506.507568359375
2025/02/18 02:00, 2015.513427734375, 2011.695068359375, 507.51458740234375
2025/02/18 02:15, 2015.59765625, 2011.695068359375, 506.08795166015625
2025/02/18 02:30, 2015.4716796875, 2011.695068359375, 506.08795166015625
2025/02/18 02:45, 2015.555419921875, 2011.737060546875, 505.752197265625
2025/02/18 03:00, 2015.4716796875, 2011.695068359375, 507.6824951171875
2025/02/18 03:15, 2015.4296875, 2011.611083984375, 506.08795166015625
2025/02/18 03:30, 2015.4296875, 2011.611083984375, 510.41009521484375
2025/02/18 03:45, 2015.4716796875, 2011.611083984375, 508.6475830078125
2025/02/18 04:00, 2015.345703125, 2011.653076171875, 513.4732666015625
2025/02/18 04:15, 2015.3876953125, 2011.527099609375, 515.1937866210938
2025/02/18 04:30, 2015.345703125, 2011.569091796875, 513.1375732421875
2025/02/18 04:45, 2015.3876953125, 2011.611083984375, 514.5643310546875
2025/02/18 05:00, 2015.513427734375, 2011.611083984375, 513.0536499023438
2025/02/18 05:15, 2015.4296875, 2011.569091796875, 513.976806640625
2025/02/18 05:30, 2015.345703125, 2011.527099609375, 515.5294189453125
2025/02/18 05:45, 2015.3876953125, 2011.527099609375, 517.459716796875
2025/02/18 06:00, 2015.4296875, 2011.611083984375, 516.5365600585938
2025/02/18 06:15, 2015.345703125, 2011.611083984375, 516.45263671875
2025/02/18 06:30, 2015.3876953125, 2011.569091796875, 516.0748901367188
2025/02/18 06:45, 2015.345703125, 2011.653076171875, 515.2777099609375
2025/02/18 07:00, 2015.4296875, 2011.611083984375, 517.08203125
2025/02/18 07:15, 2015.4296875, 2011.527099609375, 513.4732666015625
2025/02/18 07:30, 2015.4716796875, 2011.569091796875, 507.72442626953125
2025/02/18 07:45, 2015.345703125, 2011.4853515625, 500.63287353515625
2025/02/18 08:00, 2015.3876953125, 2011.4853515625, 492.072509765625
2025/02/18 08:15, 2015.4296875, 2011.4853515625, 480.6168212890625
2025/02/18 08:30, 2015.4296875, 2011.4853515625, 470.755615234375
2025/02/18 08:45, 2015.4296875, 2011.443359375, 456.5723876953125
2025/02/18 09:00, 2015.4296875, 2011.443359375, 448.4737548828125
2025/02/18 09:15, 2015.3876953125, 2011.401123046875, 439.325927734375
2025/02/18 09:30, 2015.26171875, 2011.3173828125, 428.33184814453125
2025/02/18 09:45, 2015.345703125, 2011.3173828125, 418.764404296875
2025/02/18 10:00, 2015.3876953125, 2011.401123046875, 414.4422607421875
2025/02/18 10:15, 2015.3876953125, 2011.401123046875, 408.0220947265625
2025/02/18 10:30, 2015.4716796875, 2011.359375, 402.3990478515625
2025/02/18 10:45, 2015.513427734375, 2011.359375, 399.0421142578125
2025/02/18 11:00, 2015.555419921875, 2011.359375, 392.4959716796875
2025/02/18 11:15, 2015.513427734375, 2011.443359375, 393.5870361328125
2025/02/18 11:30, 2015.59765625, 2011.4853515625, 388.6773681640625
2025/02/18 11:45, 2015.4296875, 2011.359375, 388.551513671875
2025/02/18 12:00, 2015.4716796875, 2011.401123046875, 388.92919921875
2025/02/18 12:15, 2015.555419921875, 2011.3173828125, 387.922119140625
2025/02/18 12:30, 2015.513427734375, 2011.3173828125, 390.943359375
2025/02/18 12:45, 2015.4716796875, 2011.401123046875, 388.38372802734375
2025/02/18 13:00, 2015.59765625, 2011.359375, 388.0899658203125
2025/02/18 13:15, 2015.513427734375, 2011.401123046875, 387.79620361328125
2025/02/18 13:30, 2015.555419921875, 2011.3173828125, 391.15313720703125
2025/02/18 13:45, 2015.59765625, 2011.401123046875, 392.70574951171875
2025/02/18 14:00, 2015.555419921875, 2011.359375, 398.11895751953125
2025/02/18 14:15, 2015.513427734375, 2011.401123046875, 399.503662109375
2025/02/18 14:30, 2015.59765625, 2011.359375, 401.0562744140625
2025/02/18 14:45, 2015.59765625, 2011.401123046875, 405.12664794921875
2025/02/18 15:00, 2015.513427734375, 2011.3173828125, 405.2525634765625
2025/02/18 15:15, 2015.513427734375, 2011.3173828125, 406.67926025390625
2025/02/18 15:30, 2015.555419921875, 2011.401123046875, 408.35772705078125
2025/02/18 15:45, 2015.345703125, 2011.3173828125, 409.952392578125
2025/02/18 16:00, 2015.59765625, 2011.3173828125, 408.861328125
2025/02/18 16:15, 2015.555419921875, 2011.401123046875, 410.2041015625
2025/02/18 16:30, 2015.513427734375, 2011.359375, 409.49072265625
2025/02/18 16:45, 2015.555419921875, 2011.359375, 409.155029296875
2025/02/18 17:00, 2015.4716796875, 2011.275390625, 411.924560546875
2025/02/18 17:15, 2015.4716796875, 2011.3173828125, 414.48419189453125
2025/02/18 17:30, 2015.555419921875, 2011.3173828125, 422.7088623046875
2025/02/18 17:45, 2015.4716796875, 2011.2333984375, 425.604248046875
2025/02/18 18:00, 2015.3876953125, 2011.275390625, 433.912841796875
2025/02/18 18:15, 2015.3876953125, 2011.2333984375, 442.38922119140625
2025/02/18 18:30, 2015.345703125, 2011.275390625, 452.12445068359375
2025/02/18 18:45, 2015.345703125, 2011.3173828125, 462.86676025390625
2025/02/18 19:00, 2015.4296875, 2011.359375, 468.74151611328125
2025/02/18 19:15, 2015.3037109375, 2011.3173828125, 472.01458740234375
2025/02/18 19:30, 2015.345703125, 2011.401123046875, 479.56781005859375
2025/02/18 19:45, 2015.3037109375, 2011.359375, 481.078369140625
2025/02/18 20:00, 2015.4296875, 2011.359375, 481.9595947265625
2025/02/18 20:15, 2015.3876953125, 2011.3173828125, 489.05126953125
2025/02/18 20:30, 2015.3876953125, 2011.401123046875, 492.785888671875
2025/02/18 20:45, 2015.345703125, 2011.401123046875, 495.47149658203125
2025/02/18 21:00, 2015.4296875, 2011.401123046875, 499.2900390625
2025/02/18 21:15, 2015.3876953125, 2011.4853515625, 498.61859130859375
2025/02/18 21:30, 2015.3876953125, 2011.569091796875, 499.66766357421875
2025/02/18 21:45, 2015.3876953125, 2011.4853515625, 500.5908203125
2025/02/18 22:00, 2015.345703125, 2011.527099609375, 501.76580810546875
2025/02/18 22:15, 2015.4716796875, 2011.401123046875, 502.56304931640625
2025/02/18 22:30, 2015.3876953125, 2011.4853515625, 505.50048828125
2025/02/18 22:45, 2015.345703125, 2011.569091796875, 507.05303955078125
2025/02/18 23:00, 2015.4296875, 2011.443359375, 508.18603515625
2025/02/18 23:15, 2015.4716796875, 2011.4853515625, 504.9549560546875
2025/02/18 23:30, 2015.345703125, 2011.4853515625, 508.857421875
2025/02/18 23:45, 2015.3876953125, 2011.527099609375, 507.89227294921875
2025/02/19 00:00, 2015.3876953125, 2011.4853515625, 507.808349609375
2025/02/19 00:15, 2015.4716796875, 2011.359375, 508.6475830078125
2025/02/19 00:30, 2015.345703125, 2011.527099609375, 510.0743408203125
2025/02/19 00:45, 2015.3876953125, 2011.569091796875, 512.5921020507812
2025/02/19 01:00, 2015.4716796875, 2011.527099609375, 509.151123046875
2025/02/19 01:15, 2015.3876953125, 2011.527099609375, 507.85040283203125
2025/02/19 01:30, 2015.4296875, 2011.527099609375, 510.1163330078125
2025/02/19 01:45, 2015.3876953125, 2011.527099609375, 509.864501953125
2025/02/19 02:00, 2015.4296875, 2011.527099609375, 510.28411865234375
2025/02/19 02:15, 2015.345703125, 2011.527099609375, 510.4520263671875
2025/02/19 02:30, 2015.345703125, 2011.4853515625, 509.151123046875
2025/02/19 02:45, 2015.4296875, 2011.4853515625, 510.95556640625
2025/02/19 03:00, 2015.3876953125, 2011.569091796875, 509.65472412109375
2025/02/19 03:15, 2015.4716796875, 2011.527099609375, 510.49395751953125
2025/02/19 03:30, 2015.3876953125, 2011.443359375, 511.75286865234375
2025/02/19 03:45, 2015.3876953125, 2011.569091796875, 510.3680419921875
2025/02/19 04:00, 2015.345703125, 2011.527099609375, 510.4520263671875
2025/02/19 04:15, 2015.4296875, 2011.611083984375, 511.1654052734375
2025/02/19 04:30, 2015.345703125, 2011.527099609375, 508.7735595703125
2025/02/19 04:45, 2015.3876953125, 2011.527099609375, 513.4313354492188
2025/02/19 05:00, 2015.3876953125, 2011.653076171875, 510.53594970703125
2025/02/19 05:15, 2015.3876953125, 2011.611083984375, 514.2285766601562
2025/02/19 05:30, 2015.3876953125, 2011.443359375, 512.4661254882812
2025/02/19 05:45, 2015.513427734375, 2011.569091796875, 513.68310546875
2025/02/19 06:00, 2015.3876953125, 2011.527099609375, 509.94842529296875
2025/02/19 06:15, 2015.345703125, 2011.611083984375, 511.12335205078125
2025/02/19 06:30, 2015.345703125, 2011.569091796875, 509.10919189453125
2025/02/19 06:45, 2015.3876953125, 2011.569091796875, 509.61279296875
2025/02/19 07:00, 2015.345703125, 2011.527099609375, 510.03240966796875
2025/02/19 07:15, 2015.3876953125, 2011.4853515625, 504.9549560546875
2025/02/19 07:30, 2015.345703125, 2011.4853515625, 496.43658447265625
2025/02/19 07:45, 2015.345703125, 2011.527099609375, 489.97442626953125
2025/02/19 08:00, 2015.3876953125, 2011.4853515625, 482.25335693359375
2025/02/19 08:15, 2015.4296875, 2011.4853515625, 472.97967529296875
2025/02/19 08:30, 2015.4296875, 2011.401123046875, 461.98553466796875
2025/02/19 08:45, 2015.4716796875, 2011.401123046875, 450.0263671875
2025/02/19 09:00, 2015.4296875, 2011.359375, 440.24908447265625
2025/02/19 09:15, 2015.345703125, 2011.275390625, 430.681640625
2025/02/19 09:30, 2015.3876953125, 2011.359375, 423.96771240234375
2025/02/19 09:45, 2015.4296875, 2011.3173828125, 420.44287109375
2025/02/19 10:00, 2015.345703125, 2011.359375, 413.3511962890625
2025/02/19 10:15, 2015.3876953125, 2011.3173828125, 402.94464111328125
2025/02/19 10:30, 2015.4296875, 2011.443359375, 401.97943115234375
2025/02/19 10:45, 2015.4296875, 2011.401123046875, 397.27972412109375
2025/02/19 11:00, 2015.513427734375, 2011.359375, 395.8948974609375
2025/02/19 11:15, 2015.4296875, 2011.401123046875, 391.321044921875
2025/02/19 11:30, 2015.4296875, 2011.3173828125, 391.86651611328125
2025/02/19 11:45, 2015.4716796875, 2011.359375, 390.43988037109375
2025/02/19 12:00, 2015.555419921875, 2011.359375, 387.37664794921875
2025/02/19 12:15, 2015.513427734375, 2011.359375, 385.4044189453125
2025/02/19 12:30, 2015.4296875, 2011.19140625, 385.278564453125
2025/02/19 12:45, 2015.555419921875, 2011.2333984375, 385.068603515625
2025/02/19 13:00, 2015.555419921875, 2011.3173828125, 384.27142333984375
2025/02/19 13:15, 2015.555419921875, 2011.19140625, 386.3695068359375
2025/02/19 13:30, 2015.4716796875, 2011.2333984375, 387.12481689453125
2025/02/19 13:45, 2015.4716796875, 2011.275390625, 387.75421142578125
2025/02/19 14:00, 2015.4716796875, 2011.3173828125, 393.12548828125
2025/02/19 14:15, 2015.513427734375, 2011.275390625, 396.52435302734375
2025/02/19 14:30, 2015.4716796875, 2011.3173828125, 393.88079833984375
2025/02/19 14:45, 2015.513427734375, 2011.359375, 396.44049072265625
2025/02/19 15:00, 2015.4716796875, 2011.401123046875, 395.47528076171875
2025/02/19 15:15, 2015.513427734375, 2011.359375, 392.45404052734375
2025/02/19 15:30, 2015.513427734375, 2011.3173828125, 394.00665283203125
2025/02/19 15:45, 2015.513427734375, 2011.3173828125, 391.57275390625
2025/02/19 16:00, 2015.4716796875, 2011.359375, 392.1602783203125
2025/02/19 16:15, 2015.513427734375, 2011.359375, 392.83172607421875
2025/02/19 16:30, 2015.4716796875, 2011.359375, 393.377197265625
2025/02/19 16:45, 2015.4296875, 2011.275390625, 391.27911376953125
2025/02/19 17:00, 2015.4716796875, 2011.3173828125, 393.08343505859375
2025/02/19 17:15, 2015.513427734375, 2011.401123046875, 398.45465087890625
2025/02/19 17:30, 2015.3876953125, 2011.19140625, 405.2525634765625
2025/02/19 17:45, 2015.4716796875, 2011.3173828125, 412.26025390625
2025/02/19 18:00, 2015.59765625, 2011.275390625, 418.6385498046875
2025/02/19 18:15, 2015.4296875, 2011.3173828125, 430.429931640625
2025/02/19 18:30, 2015.3876953125, 2011.275390625, 440.96246337890625
2025/02/19 18:45, 2015.3876953125, 2011.275390625, 450.48785400390625
2025/02/19 19:00, 2015.26171875, 2011.3173828125, 457.117919921875
2025/02/19 19:15, 2015.345703125, 2011.443359375, 466.013916015625
2025/02/19 19:30, 2015.3037109375, 2011.3173828125, 469.87445068359375
2025/02/19 19:45, 2015.345703125, 2011.401123046875, 472.0565185546875
2025/02/19 20:00, 2015.3876953125, 2011.401123046875, 475.16168212890625
2025/02/19 20:15, 2015.3037109375, 2011.443359375, 480.91058349609375
2025/02/19 20:30, 2015.4296875, 2011.401123046875, 488.00213623046875
2025/02/19 20:45, 2015.3876953125, 2011.443359375, 492.49212646484375
2025/02/19 21:00, 2015.4296875, 2011.4853515625, 495.59735107421875
2025/02/19 21:15, 2015.4296875, 2011.569091796875, 495.13580322265625
2025/02/19 21:30, 2015.3876953125, 2011.4853515625, 500.1292724609375
2025/02/19 21:45, 2015.4716796875, 2011.527099609375, 500.5908203125
2025/02/19 22:00, 2015.345703125, 2011.569091796875, 502.77294921875
2025/02/19 22:15, 2015.4716796875, 2011.569091796875, 500.5908203125
2025/02/19 22:30, 2015.3876953125, 2011.611083984375, 503.31842041015625
2025/02/19 22:45, 2015.4296875, 2011.569091796875, 503.5701904296875
2025/02/19 23:00, 2015.4716796875, 2011.527099609375, 506.54949951171875
2025/02/19 23:15, 2015.4296875, 2011.527099609375, 504.9549560546875
2025/02/19 23:30, 2015.4296875, 2011.527099609375, 507.97625732421875
2025/02/19 23:45, 2015.4296875, 2011.569091796875, 505.96197509765625
2025/02/20 00:00, 2015.3876953125, 2011.527099609375, 506.67535400390625
2025/02/20 00:15, 2015.4296875, 2011.653076171875, 503.90594482421875
2025/02/20 00:30, 2015.4716796875, 2011.695068359375, 503.6121826171875
2025/02/20 00:45, 2015.4296875, 2011.611083984375, 503.2344970703125
2025/02/20 01:00, 2015.4296875, 2011.611083984375, 505.08087158203125
2025/02/20 01:15, 2015.4296875, 2011.653076171875, 505.71026611328125
2025/02/20 01:30, 2015.513427734375, 2011.653076171875, 503.40240478515625
2025/02/20 01:45, 2015.3876953125, 2011.695068359375, 502.60504150390625
2025/02/20 02:00, 2015.4296875, 2011.653076171875, 501.26226806640625
2025/02/20 02:15, 2015.4296875, 2011.653076171875, 502.9827880859375
2025/02/20 02:30, 2015.4716796875, 2011.737060546875, 499.08026123046875
2025/02/20 02:45, 2015.345703125, 2011.737060546875, 502.5211181640625
2025/02/20 03:00, 2015.4716796875, 2011.653076171875, 502.73095703125
2025/02/20 03:15, 2015.4716796875, 2011.737060546875, 500.42303466796875
2025/02/20 03:30, 2015.513427734375, 2011.737060546875, 499.87744140625
2025/02/20 03:45, 2015.4296875, 2011.737060546875, 502.1434326171875
2025/02/20 04:00, 2015.4296875, 2011.653076171875, 500.968505859375
2025/02/20 04:15, 2015.345703125, 2011.695068359375, 504.15765380859375
2025/02/20 04:30, 2015.4296875, 2011.653076171875, 504.07373046875
2025/02/20 04:45, 2015.513427734375, 2011.653076171875, 503.98980712890625
2025/02/20 05:00, 2015.4296875, 2011.611083984375, 505.71026611328125
2025/02/20 05:15, 2015.4296875, 2011.737060546875, 505.12274169921875
2025/02/20 05:30, 2015.4296875, 2011.653076171875, 505.6263427734375
2025/02/20 05:45, 2015.4716796875, 2011.653076171875, 507.220947265625
2025/02/20 06:00, 2015.4716796875, 2011.653076171875, 507.59857177734375
2025/02/20 06:15, 2015.513427734375, 2011.569091796875, 506.2557373046875
2025/02/20 06:30, 2015.3876953125, 2011.611083984375, 509.94842529296875
2025/02/20 06:45, 2015.4716796875, 2011.653076171875, 507.3468017578125
2025/02/20 07:00, 2015.4716796875, 2011.653076171875, 508.10211181640625
2025/02/20 07:15, 2015.4296875, 2011.653076171875, 505.08087158203125
2025/02/20 07:30, 2015.345703125, 2011.611083984375, 501.1783447265625
2025/02/20 07:45, 2015.4296875, 2011.77880859375, 496.6044921875
2025/02/20 08:00, 2015.4716796875, 2011.695068359375, 485.86212158203125
2025/02/20 08:15, 2015.4716796875, 2011.611083984375, 473.1475830078125
2025/02/20 08:30, 2015.513427734375, 2011.569091796875, 465.51043701171875
2025/02/20 08:45, 2015.4716796875, 2011.569091796875, 454.09661865234375
2025/02/20 09:00, 2015.4716796875, 2011.611083984375, 443.27032470703125
2025/02/20 09:15, 2015.4716796875, 2011.527099609375, 434.79400634765625
2025/02/20 09:30, 2015.513427734375, 2011.527099609375, 426.6953125
2025/02/20 09:45, 2015.513427734375, 2011.569091796875, 417.00201416015625
2025/02/20 10:00, 2015.513427734375, 2011.4853515625, 412.17633056640625
2025/02/20 10:15, 2015.513427734375, 2011.443359375, 406.9310302734375
2025/02/20 10:30, 2015.513427734375, 2011.4853515625, 399.0001220703125
2025/02/20 10:45, 2015.555419921875, 2011.4853515625, 395.76904296875
2025/02/20 11:00, 2015.555419921875, 2011.443359375, 391.86651611328125
2025/02/20 11:15, 2015.555419921875, 2011.401123046875, 389.0550537109375
2025/02/20 11:30, 2015.555419921875, 2011.4853515625, 387.16680908203125
2025/02/20 11:45, 2015.59765625, 2011.443359375, 385.9918212890625
2025/02/20 12:00, 2015.639404296875, 2011.401123046875, 385.3204345703125
2025/02/20 12:15, 2015.4716796875, 2011.401123046875, 381.29205322265625
2025/02/20 12:30, 2015.513427734375, 2011.3173828125, 377.8511962890625
2025/02/20 12:45, 2015.555419921875, 2011.359375, 380.5787353515625
2025/02/20 13:00, 2015.555419921875, 2011.3173828125, 377.89312744140625
2025/02/20 13:15, 2015.4716796875, 2011.3173828125, 381.711669921875
2025/02/20 13:30, 2015.555419921875, 2011.3173828125, 386.53741455078125
2025/02/20 13:45, 2015.4296875, 2011.3173828125, 387.41851806640625
2025/02/20 14:00, 2015.59765625, 2011.359375, 389.6005859375
2025/02/20 14:15, 2015.639404296875, 2011.275390625, 393.8387451171875
2025/02/20 14:30, 2015.59765625, 2011.359375, 394.76190185546875
2025/02/20 14:45, 2015.513427734375, 2011.359375, 392.99951171875
2025/02/20 15:00, 2015.639404296875, 2011.359375, 395.93695068359375
2025/02/20 15:15, 2015.59765625, 2011.401123046875, 397.74127197265625
2025/02/20 15:30, 2015.513427734375, 2011.443359375, 401.60186767578125
2025/02/20 15:45, 2015.4296875, 2011.401123046875, 404.11956787109375
2025/02/20 16:00, 2015.513427734375, 2011.359375, 401.8955078125
2025/02/20 16:15, 2015.59765625, 2011.401123046875, 402.06341552734375
2025/02/20 16:30, 2015.555419921875, 2011.401123046875, 404.28741455078125
2025/02/20 16:45, 2015.59765625, 2011.527099609375, 402.94464111328125
2025/02/20 17:00, 2015.4716796875, 2011.359375, 408.23187255859375
2025/02/20 17:15, 2015.513427734375, 2011.359375, 412.3861083984375
2025/02/20 17:30, 2015.3876953125, 2011.3173828125, 417.00201416015625
2025/02/20 17:45, 2015.345703125, 2011.275390625, 422.28924560546875
2025/02/20 18:00, 2015.3876953125, 2011.2333984375, 429.4647216796875
2025/02/20 18:15, 2015.3876953125, 2011.3173828125, 441.6337890625
2025/02/20 18:30, 2015.4296875, 2011.359375, 451.07537841796875
2025/02/20 18:45, 2015.3037109375, 2011.401123046875, 457.9571533203125
2025/02/20 19:00, 2015.345703125, 2011.359375, 461.0203857421875
2025/02/20 19:15, 2015.4716796875, 2011.401123046875, 468.36383056640625
2025/02/20 19:30, 2015.3876953125, 2011.401123046875, 471.7208251953125
2025/02/20 19:45, 2015.3876953125, 2011.401123046875, 477.34375
2025/02/20 20:00, 2015.345703125, 2011.4853515625, 481.74981689453125
2025/02/20 20:15, 2015.345703125, 2011.4853515625, 486.57550048828125
2025/02/20 20:30, 2015.3037109375, 2011.401123046875, 490.016357421875
2025/02/20 20:45, 2015.3876953125, 2011.527099609375, 492.9117431640625
2025/02/20 21:00, 2015.3876953125, 2011.527099609375, 491.69482421875
2025/02/20 21:15, 2015.4716796875, 2011.443359375, 494.086669921875
2025/02/20 21:30, 2015.345703125, 2011.4853515625, 497.98919677734375
2025/02/20 21:45, 2015.4296875, 2011.569091796875, 497.569580078125
2025/02/20 22:00, 2015.4296875, 2011.527099609375, 499.4158935546875
2025/02/20 22:15, 2015.345703125, 2011.4853515625, 501.22027587890625
2025/02/20 22:30, 2015.4296875, 2011.4853515625, 504.9549560546875
2025/02/20 22:45, 2015.3876953125, 2011.569091796875, 503.77996826171875
2025/02/20 23:00, 2015.3037109375, 2011.4853515625, 504.1995849609375
2025/02/20 23:15, 2015.345703125, 2011.611083984375, 507.13702392578125
2025/02/20 23:30, 2015.3876953125, 2011.611083984375, 505.92010498046875
2025/02/20 23:45, 2015.4716796875, 2011.611083984375, 506.2557373046875
2025/02/21 00:00, 2015.345703125, 2011.653076171875, 506.3397216796875
2025/02/21 00:15, 2015.3876953125, 2011.527099609375, 506.3397216796875
2025/02/21 00:30, 2015.4296875, 2011.611083984375, 506.3397216796875
2025/02/21 00:45, 2015.4296875, 2011.611083984375, 505.878173828125
2025/02/21 01:00, 2015.345703125, 2011.569091796875, 507.26287841796875
2025/02/21 01:15, 2015.4296875, 2011.569091796875, 508.6895751953125
2025/02/21 01:30, 2015.555419921875, 2011.611083984375, 508.521728515625
2025/02/21 01:45, 2015.513427734375, 2011.695068359375, 507.72442626953125
2025/02/21 02:00, 2015.59765625, 2011.653076171875, 507.38873291015625
2025/02/21 02:15, 2015.4716796875, 2011.653076171875, 510.66180419921875
2025/02/21 02:30, 2015.4296875, 2011.653076171875, 509.06719970703125
2025/02/21 02:45, 2015.3876953125, 2011.611083984375, 508.35394287109375
2025/02/21 03:00, 2015.4716796875, 2011.611083984375, 509.9903564453125
2025/02/21 03:15, 2015.4716796875, 2011.695068359375, 509.31903076171875
2025/02/21 03:30, 2015.513427734375, 2011.695068359375, 505.33258056640625
2025/02/21 03:45, 2015.4296875, 2011.611083984375, 507.51458740234375
2025/02/21 04:00, 2015.4716796875, 2011.611083984375, 506.17181396484375
2025/02/21 04:15, 2015.4296875, 2011.653076171875, 506.6334228515625
2025/02/21 04:30, 2015.4296875, 2011.611083984375, 507.26287841796875
2025/02/21 04:45, 2015.3876953125, 2011.611083984375, 507.76641845703125
2025/02/21 05:00, 2015.3876953125, 2011.527099609375, 507.26287841796875
2025/02/21 05:15, 2015.3876953125, 2011.695068359375, 507.64056396484375
2025/02/21 05:30, 2015.4296875, 2011.695068359375, 506.84326171875
2025/02/21 05:45, 2015.3876953125, 2011.695068359375, 509.0252685546875
2025/02/21 06:00, 2015.3876953125, 2011.653076171875, 508.94134521484375
2025/02/21 06:15, 2015.4296875, 2011.527099609375, 508.47979736328125
2025/02/21 06:30, 2015.513427734375, 2011.653076171875, 508.8994140625
2025/02/21 06:45, 2015.345703125, 2011.653076171875, 508.98333740234375
2025/02/21 07:00, 2015.26171875, 2011.569091796875, 508.6475830078125
2025/02/21 07:15, 2015.3037109375, 2011.569091796875, 509.90655517578125
2025/02/21 07:30, 2015.219970703125, 2011.611083984375, 504.1995849609375
2025/02/21 07:45, 2015.1357421875, 2011.4853515625, 497.611572265625
2025/02/21 08:00, 2015.1357421875, 2011.443359375, 489.05126953125
2025/02/21 08:15, 2015.177978515625, 2011.401123046875, 471.3431396484375
2025/02/21 08:30, 2015.093994140625, 2011.359375, 465.63629150390625
2025/02/21 08:45, 2015.3037109375, 2011.4853515625, 455.6912841796875
2025/02/21 09:00, 2015.345703125, 2011.4853515625, 446.37554931640625
2025/02/21 09:15, 2015.3037109375, 2011.401123046875, 439.03216552734375
2025/02/21 09:30, 2015.345703125, 2011.443359375, 429.380859375
2025/02/21 09:45, 2015.4296875, 2011.443359375, 420.73663330078125
2025/02/21 10:00, 2015.4296875, 2011.443359375, 412.05047607421875
2025/02/21 10:15, 2015.639404296875, 2011.443359375, 407.4345703125
2025/02/21 10:30, 2015.4716796875, 2011.443359375, 403.40618896484375
2025/02/21 10:45, 2015.4716796875, 2011.3173828125, 400.51080322265625
2025/02/21 11:00, 2015.4716796875, 2011.3173828125, 397.61541748046875
2025/02/21 11:15, 2015.4716796875, 2011.359375, 393.5870361328125
2025/02/21 11:30, 2015.4716796875, 2011.443359375, 390.8175048828125
2025/02/21 11:45, 2015.513427734375, 2011.443359375, 392.5379638671875
2025/02/21 12:00, 2015.59765625, 2011.401123046875, 393.79681396484375
2025/02/21 12:15, 2015.513427734375, 2011.401123046875, 391.27911376953125
2025/02/21 12:30, 2015.513427734375, 2011.443359375, 393.461181640625
2025/02/21 12:45, 2015.555419921875, 2011.401123046875, 393.5030517578125
2025/02/21 13:00, 2015.513427734375, 2011.443359375, 392.78973388671875
2025/02/21 13:15, 2015.513427734375, 2011.401123046875, 396.230712890625
2025/02/21 13:30, 2015.4716796875, 2011.359375, 395.22357177734375
2025/02/21 13:45, 2015.555419921875, 2011.2333984375, 399.251953125
2025/02/21 14:00, 2015.3876953125, 2011.3173828125, 399.08404541015625
2025/02/21 14:15, 2015.555419921875, 2011.359375, 401.85357666015625
2025/02/21 14:30, 2015.555419921875, 2011.275390625, 406.385498046875
2025/02/21 14:45, 2015.555419921875, 2011.401123046875, 408.9031982421875
2025/02/21 15:00, 2015.681396484375, 2011.359375, 409.32281494140625
2025/02/21 15:15, 2015.513427734375, 2011.401123046875, 408.69342041015625
2025/02/21 15:30, 2015.555419921875, 2011.401123046875, 411.6727294921875
2025/02/21 15:45, 2015.3876953125, 2011.359375, 412.3861083984375
2025/02/21 16:00, 2015.513427734375, 2011.401123046875, 415.8270263671875
2025/02/21 16:15, 2015.513427734375, 2011.359375, 420.6947021484375
2025/02/21 16:30, 2015.4716796875, 2011.401123046875, 418.764404296875
2025/02/21 16:45, 2015.513427734375, 2011.443359375, 420.23309326171875
2025/02/21 17:00, 2015.513427734375, 2011.359375, 421.32415771484375
2025/02/21 17:15, 2015.4716796875, 2011.359375, 424.0516357421875
2025/02/21 17:30, 2015.555419921875, 2011.401123046875, 430.13616943359375
2025/02/21 17:45, 2015.555419921875, 2011.3173828125, 431.81463623046875
2025/02/21 18:00, 2015.4296875, 2011.3173828125, 433.786865234375
2025/02/21 18:15, 2015.3876953125, 2011.359375, 446.207763671875
2025/02/21 18:30, 2015.513427734375, 2011.359375, 455.14569091796875
2025/02/21 18:45, 2015.3876953125, 2011.443359375, 461.7337646484375
2025/02/21 19:00, 2015.4716796875, 2011.401123046875, 466.85321044921875
2025/02/21 19:15, 2015.4296875, 2011.401123046875, 470.755615234375
2025/02/21 19:30, 2015.345703125, 2011.443359375, 476.4205322265625
2025/02/21 19:45, 2015.345703125, 2011.443359375, 478.350830078125
2025/02/21 20:00, 2015.3876953125, 2011.527099609375, 485.27459716796875
2025/02/21 20:15, 2015.4716796875, 2011.4853515625, 489.386962890625
2025/02/21 20:30, 2015.4296875, 2011.569091796875, 490.9395751953125
2025/02/21 20:45, 2015.3876953125, 2011.527099609375, 495.6392822265625
2025/02/21 21:00, 2015.3876953125, 2011.4853515625, 497.65350341796875
2025/02/21 21:15, 2015.4296875, 2011.569091796875, 498.3248291015625
2025/02/21 21:30, 2015.4716796875, 2011.527099609375, 500.716796875
2025/02/21 21:45, 2015.4296875, 2011.611083984375, 503.40240478515625
2025/02/21 22:00, 2015.345703125, 2011.611083984375, 504.6612548828125
2025/02/21 22:15, 2015.4716796875, 2011.569091796875, 503.9478759765625
2025/02/21 22:30, 2015.4716796875, 2011.653076171875, 503.738037109375
2025/02/21 22:45, 2015.4716796875, 2011.611083984375, 504.15765380859375
2025/02/21 23:00, 2015.4716796875, 2011.611083984375, 506.7174072265625
2025/02/21 23:15, 2015.4296875, 2011.695068359375, 506.08795166015625
2025/02/21 23:30, 2015.4296875, 2011.611083984375, 508.857421875
2025/02/21 23:45, 2015.513427734375, 2011.695068359375, 507.6824951171875
2025/02/22 00:00, 2015.513427734375, 2011.695068359375, 510.2001953125
2025/02/22 00:15, 2015.513427734375, 2011.653076171875, 508.6475830078125
2025/02/22 00:30, 2015.555419921875, 2011.695068359375, 509.0252685546875
2025/02/22 00:45, 2015.4716796875, 2011.611083984375, 508.7735595703125
2025/02/22 01:00, 2015.513427734375, 2011.611083984375, 509.19317626953125
2025/02/22 01:15, 2015.513427734375, 2011.653076171875, 508.7735595703125
2025/02/22 01:30, 2015.4716796875, 2011.695068359375, 507.89227294921875
2025/02/22 01:45, 2015.4716796875, 2011.695068359375, 508.3118896484375
2025/02/22 02:00, 2015.555419921875, 2011.653076171875, 509.19317626953125
2025/02/22 02:15, 2015.513427734375, 2011.695068359375, 511.207275390625
2025/02/22 02:30, 2015.555419921875, 2011.737060546875, 509.3609619140625
2025/02/22 02:45, 2015.513427734375, 2011.611083984375, 511.1654052734375
2025/02/22 03:00, 2015.4716796875, 2011.611083984375, 511.6689453125
2025/02/22 03:15, 2015.4716796875, 2011.611083984375, 513.347412109375
2025/02/22 03:30, 2015.513427734375, 2011.695068359375, 512.1724853515625
2025/02/22 03:45, 2015.3876953125, 2011.653076171875, 513.2215576171875
2025/02/22 04:00, 2015.555419921875, 2011.611083984375, 514.3545532226562
2025/02/22 04:15, 2015.59765625, 2011.653076171875, 510.7037353515625
2025/02/22 04:30, 2015.513427734375, 2011.653076171875, 516.45263671875
2025/02/22 04:45, 2015.555419921875, 2011.611083984375, 511.4171142578125
2025/02/22 05:00, 2015.555419921875, 2011.569091796875, 511.03948974609375
2025/02/22 05:15, 2015.4716796875, 2011.695068359375, 510.91357421875
2025/02/22 05:30, 2015.513427734375, 2011.695068359375, 511.75286865234375
2025/02/22 05:45, 2015.513427734375, 2011.77880859375, 508.60565185546875
2025/02/22 06:00, 2015.555419921875, 2011.737060546875, 509.4869384765625
2025/02/22 06:15, 2015.4716796875, 2011.695068359375, 510.78765869140625
2025/02/22 06:30, 2015.4296875, 2011.695068359375, 510.1163330078125
2025/02/22 06:45, 2015.555419921875, 2011.695068359375, 508.73150634765625
2025/02/22 07:00, 2015.4296875, 2011.653076171875, 510.66180419921875
2025/02/22 07:15, 2015.4716796875, 2011.77880859375, 507.6824951171875
2025/02/22 07:30, 2015.513427734375, 2011.695068359375, 505.5423583984375
2025/02/22 07:45, 2015.59765625, 2011.653076171875, 498.282958984375
2025/02/22 08:00, 2015.555419921875, 2011.611083984375, 492.072509765625
2025/02/22 08:15, 2015.513427734375, 2011.611083984375, 477.8472900390625
2025/02/22 08:30, 2015.4296875, 2011.569091796875, 467.31475830078125
2025/02/22 08:45, 2015.513427734375, 2011.611083984375, 455.64923095703125
2025/02/22 09:00, 2015.513427734375, 2011.527099609375, 444.2774658203125
2025/02/22 09:15, 2015.3876953125, 2011.443359375, 435.4654541015625
2025/02/22 09:30, 2015.4296875, 2011.3173828125, 426.233642578125
2025/02/22 09:45, 2015.4296875, 2011.443359375, 417.96710205078125
2025/02/22 10:00, 2015.4296875, 2011.4853515625, 414.86187744140625
2025/02/22 10:15, 2015.513427734375, 2011.401123046875, 406.2596435546875
2025/02/22 10:30, 2015.4716796875, 2011.401123046875, 400.930419921875
2025/02/22 10:45, 2015.4716796875, 2011.527099609375, 402.1473388671875
2025/02/22 11:00, 2015.555419921875, 2011.4853515625, 404.1614990234375
2025/02/22 11:15, 2015.4716796875, 2011.359375, 400.552734375
2025/02/22 11:30, 2015.555419921875, 2011.4853515625, 398.83233642578125
2025/02/22 11:45, 2015.555419921875, 2011.401123046875, 397.3216552734375
2025/02/22 12:00, 2015.555419921875, 2011.359375, 399.629638671875
2025/02/22 12:15, 2015.59765625, 2011.443359375, 399.88134765625
2025/02/22 12:30, 2015.555419921875, 2011.443359375, 396.31451416015625
2025/02/22 12:45, 2015.555419921875, 2011.359375, 396.482421875
2025/02/22 13:00, 2015.59765625, 2011.443359375, 398.286865234375
2025/02/22 13:15, 2015.639404296875, 2011.359375, 398.0350341796875
2025/02/22 13:30, 2015.639404296875, 2011.3173828125, 400.30096435546875
2025/02/22 13:45, 2015.555419921875, 2011.401123046875, 402.273193359375
2025/02/22 14:00, 2015.555419921875, 2011.359375, 401.35003662109375
2025/02/22 14:15, 2015.59765625, 2011.401123046875, 400.930419921875
2025/02/22 14:30, 2015.4716796875, 2011.401123046875, 402.44110107421875
2025/02/22 14:45, 2015.59765625, 2011.401123046875, 404.07763671875
2025/02/22 15:00, 2015.555419921875, 2011.359375, 403.23828125
2025/02/22 15:15, 2015.4296875, 2011.401123046875, 405.6302490234375
2025/02/22 15:30, 2015.639404296875, 2011.401123046875, 406.2596435546875
2025/02/22 15:45, 2015.4716796875, 2011.359375, 409.0291748046875
2025/02/22 16:00, 2015.555419921875, 2011.359375, 409.44879150390625
2025/02/22 16:15, 2015.681396484375, 2011.443359375, 410.7916259765625
2025/02/22 16:30, 2015.4716796875, 2011.3173828125, 408.77734375
2025/02/22 16:45, 2015.555419921875, 2011.359375, 412.637939453125
2025/02/22 17:00, 2015.681396484375, 2011.401123046875, 414.8199462890625
2025/02/22 17:15, 2015.639404296875, 2011.401123046875, 417.67333984375
2025/02/22 17:30, 2015.639404296875, 2011.3173828125, 422.3311767578125
2025/02/22 17:45, 2015.4716796875, 2011.443359375, 428.8353271484375
2025/02/22 18:00, 2015.4716796875, 2011.443359375, 434.3743896484375
2025/02/22 18:15, 2015.4296875, 2011.401123046875, 441.00439453125
2025/02/22 18:30, 2015.3037109375, 2011.3173828125, 452.62799072265625
2025/02/22 18:45, 2015.345703125, 2011.443359375, 461.943603515625
2025/02/22 19:00, 2015.4296875, 2011.4853515625, 465.97198486328125
2025/02/22 19:15, 2015.513427734375, 2011.4853515625, 469.24505615234375
2025/02/22 19:30, 2015.3876953125, 2011.4853515625, 476.21075439453125
2025/02/22 19:45, 2015.4296875, 2011.4853515625, 480.78472900390625
2025/02/22 20:00, 2015.4296875, 2011.611083984375, 484.477294921875
2025/02/22 20:15, 2015.3876953125, 2011.527099609375, 488.12811279296875
2025/02/22 20:30, 2015.345703125, 2011.4853515625, 490.77166748046875
2025/02/22 20:45, 2015.3876953125, 2011.611083984375, 498.66064453125
2025/02/22 21:00, 2015.4716796875, 2011.611083984375, 497.4437255859375
2025/02/22 21:15, 2015.345703125, 2011.569091796875, 500.2132568359375
2025/02/22 21:30, 2015.3876953125, 2011.527099609375, 503.65411376953125
2025/02/22 21:45, 2015.3876953125, 2011.527099609375, 502.68902587890625
2025/02/22 22:00, 2015.4716796875, 2011.569091796875, 504.15765380859375
2025/02/22 22:15, 2015.4716796875, 2011.569091796875, 502.60504150390625
2025/02/22 22:30, 2015.513427734375, 2011.611083984375, 508.563720703125
2025/02/22 22:45, 2015.513427734375, 2011.695068359375, 510.0743408203125
2025/02/22 23:00, 2015.4716796875, 2011.611083984375, 509.82257080078125
2025/02/22 23:15, 2015.4716796875, 2011.653076171875, 510.2001953125
2025/02/22 23:30, 2015.4716796875, 2011.611083984375, 511.83673095703125
2025/02/22 23:45, 2015.4296875, 2011.653076171875, 511.12335205078125
2025/02/23 00:00, 2015.4716796875, 2011.569091796875, 513.8509521484375
2025/02/23 00:15, 2015.3876953125, 2011.653076171875, 508.27001953125
2025/02/23 00:30, 2015.4296875, 2011.695068359375, 509.9903564453125
2025/02/23 00:45, 2015.4716796875, 2011.77880859375, 514.5643310546875
2025/02/23 01:00, 2015.3876953125, 2011.695068359375, 516.8722534179688
2025/02/23 01:15, 2015.4716796875, 2011.77880859375, 519.2640380859375
2025/02/23 01:30, 2015.4716796875, 2011.653076171875, 522.243408203125
2025/02/23 01:45, 2015.513427734375, 2011.695068359375, 523.5442504882812
2025/02/23 02:00, 2015.4296875, 2011.695068359375, 525.9361572265625
2025/02/23 02:15, 2015.555419921875, 2011.82080078125, 527.6566162109375
2025/02/23 02:30, 2015.555419921875, 2011.77880859375, 529.2510986328125
2025/02/23 02:45, 2015.513427734375, 2011.737060546875, 530.3421630859375
2025/02/23 03:00, 2015.4296875, 2011.737060546875, 535.1258544921875
2025/02/23 03:15, 2015.3876953125, 2011.653076171875, 537.1820068359375
2025/02/23 03:30, 2015.513427734375, 2011.77880859375, 541.1683349609375
2025/02/23 03:45, 2015.555419921875, 2011.695068359375, 544.609375
2025/02/23 04:00, 2015.513427734375, 2011.653076171875, 545.91015625
2025/02/23 04:15, 2015.4716796875, 2011.653076171875, 547.630615234375
2025/02/23 04:30, 2015.4296875, 2011.695068359375, 549.686767578125
2025/02/23 04:45, 2015.555419921875, 2011.611083984375, 552.540283203125
2025/02/23 05:00, 2015.4716796875, 2011.653076171875, 553.6732177734375
2025/02/23 05:15, 2015.4716796875, 2011.569091796875, 555.6873779296875
2025/02/23 05:30, 2015.555419921875, 2011.695068359375, 553.8409423828125
2025/02/23 05:45, 2015.4296875, 2011.653076171875, 554.512451171875
2025/02/23 06:00, 2015.513427734375, 2011.611083984375, 557.4918212890625
2025/02/23 06:15, 2015.4716796875, 2011.695068359375, 560.26123046875
2025/02/23 06:30, 2015.4296875, 2011.653076171875, 562.94677734375
2025/02/23 06:45, 2015.513427734375, 2011.653076171875, 561.1844482421875
2025/02/23 07:00, 2015.59765625, 2011.737060546875, 562.3173828125
2025/02/23 07:15, 2015.4716796875, 2011.569091796875, 557.7435302734375
2025/02/23 07:30, 2015.513427734375, 2011.611083984375, 554.5963134765625
2025/02/23 07:45, 2015.4716796875, 2011.695068359375, 548.7635498046875
2025/02/23 08:00, 2015.4716796875, 2011.611083984375, 532.8179931640625
2025/02/23 08:15, 2015.513427734375, 2011.695068359375, 519.3480224609375
2025/02/23 08:30, 2015.513427734375, 2011.569091796875, 498.3248291015625
2025/02/23 08:45, 2015.4716796875, 2011.527099609375, 484.89691162109375
2025/02/23 09:00, 2015.4296875, 2011.4853515625, 471.76275634765625
2025/02/23 09:15, 2015.4716796875, 2011.527099609375, 459.174072265625
2025/02/23 09:30, 2015.513427734375, 2011.4853515625, 451.53692626953125
2025/02/23 09:45, 2015.4716796875, 2011.443359375, 440.668701171875
2025/02/23 10:00, 2015.513427734375, 2011.527099609375, 430.3040771484375
2025/02/23 10:15, 2015.513427734375, 2011.4853515625, 422.0374755859375
2025/02/23 10:30, 2015.513427734375, 2011.401123046875, 415.4913330078125
2025/02/23 10:45, 2015.59765625, 2011.443359375, 411.546875
2025/02/23 11:00, 2015.555419921875, 2011.443359375, 405.71405029296875
2025/02/23 11:15, 2015.555419921875, 2011.443359375, 400.4268798828125
2025/02/23 11:30, 2015.513427734375, 2011.401123046875, 398.45465087890625
2025/02/23 11:45, 2015.681396484375, 2011.401123046875, 393.79681396484375
2025/02/23 12:00, 2015.59765625, 2011.401123046875, 391.321044921875
2025/02/23 12:15, 2015.59765625, 2011.443359375, 391.11126708984375
2025/02/23 12:30, 2015.639404296875, 2011.443359375, 387.62835693359375
2025/02/23 12:45, 2015.555419921875, 2011.401123046875, 387.3345947265625
2025/02/23 13:00, 2015.59765625, 2011.359375, 388.7613525390625
2025/02/23 13:15, 2015.59765625, 2011.401123046875, 387.4605712890625
2025/02/23 13:30, 2015.723388671875, 2011.443359375, 387.54443359375
2025/02/23 13:45, 2015.555419921875, 2011.401123046875, 389.642578125
2025/02/23 14:00, 2015.555419921875, 2011.443359375, 388.88720703125
2025/02/23 14:15, 2015.513427734375, 2011.401123046875, 391.40496826171875
2025/02/23 14:30, 2015.555419921875, 2011.359375, 392.99951171875
2025/02/23 14:45, 2015.555419921875, 2011.359375, 396.104736328125
2025/02/23 15:00, 2015.555419921875, 2011.359375, 398.6644287109375
2025/02/23 15:15, 2015.555419921875, 2011.401123046875, 401.0562744140625
2025/02/23 15:30, 2015.555419921875, 2011.401123046875, 400.7205810546875
2025/02/23 15:45, 2015.513427734375, 2011.359375, 404.4552001953125
2025/02/23 16:00, 2015.4296875, 2011.359375, 406.04986572265625
2025/02/23 16:15, 2015.513427734375, 2011.3173828125, 405.33648681640625
2025/02/23 16:30, 2015.513427734375, 2011.359375, 406.88909912109375
2025/02/23 16:45, 2015.4716796875, 2011.359375, 406.30157470703125
2025/02/23 17:00, 2015.513427734375, 2011.401123046875, 409.826416015625
2025/02/23 17:15, 2015.4716796875, 2011.359375, 414.1905517578125
2025/02/23 17:30, 2015.4296875, 2011.275390625, 421.19818115234375
2025/02/23 17:45, 2015.555419921875, 2011.3173828125, 425.8560791015625
2025/02/23 18:00, 2015.513427734375, 2011.275390625, 432.57000732421875
2025/02/23 18:15, 2015.4296875, 2011.275390625, 441.759765625
2025/02/23 18:30, 2015.4296875, 2011.359375, 450.7816162109375
2025/02/23 18:45, 2015.3876953125, 2011.359375, 461.18829345703125
2025/02/23 19:00, 2015.4716796875, 2011.4853515625, 469.0771484375
2025/02/23 19:15, 2015.3876953125, 2011.443359375, 471.25921630859375
2025/02/23 19:30, 2015.4296875, 2011.443359375, 476.96612548828125
2025/02/23 19:45, 2015.4716796875, 2011.401123046875, 480.8685302734375
2025/02/23 20:00, 2015.4296875, 2011.4853515625, 486.11383056640625
2025/02/23 20:15, 2015.3876953125, 2011.4853515625, 491.14935302734375
2025/02/23 20:30, 2015.513427734375, 2011.569091796875, 496.268798828125
2025/02/23 20:45, 2015.4296875, 2011.569091796875, 498.74456787109375
2025/02/23 21:00, 2015.4296875, 2011.4853515625, 499.79364013671875
2025/02/23 21:15, 2015.4716796875, 2011.611083984375, 502.8568115234375
2025/02/23 21:30, 2015.4716796875, 2011.569091796875, 502.43719482421875
2025/02/23 21:45, 2015.4716796875, 2011.527099609375, 506.80133056640625
2025/02/23 22:00, 2015.4296875, 2011.527099609375, 507.556640625
2025/02/23 22:15, 2015.3876953125, 2011.569091796875, 508.18603515625
2025/02/23 22:30, 2015.3876953125, 2011.569091796875, 507.97625732421875
2025/02/23 22:45, 2015.345703125, 2011.611083984375, 508.22796630859375
2025/02/23 23:00, 2015.3876953125, 2011.527099609375, 511.12335205078125
2025/02/23 23:15, 2015.4296875, 2011.611083984375, 512.9697265625
2025/02/23 23:30, 2015.3876953125, 2011.611083984375, 513.8509521484375
2025/02/23 23:45, 2015.555419921875, 2011.695068359375, 514.3545532226562
2025/02/24 00:00, 2015.4296875, 2011.653076171875, 514.3125
2025/02/24 00:15, 2015.4296875, 2011.569091796875, 514.2705688476562
2025/02/24 00:30, 2015.59765625, 2011.569091796875, 515.1098022460938
2025/02/24 00:45, 2015.4296875, 2011.653076171875, 516.0748901367188
2025/02/24 01:00, 2015.513427734375, 2011.653076171875, 515.8231811523438
2025/02/24 01:15, 2015.4716796875, 2011.569091796875, 515.361572265625
2025/02/24 01:30, 2015.4296875, 2011.527099609375, 513.095703125
2025/02/24 01:45, 2015.4296875, 2011.611083984375, 515.4874877929688
2025/02/24 02:00, 2015.513427734375, 2011.611083984375, 516.9141235351562
2025/02/24 02:15, 2015.3876953125, 2011.611083984375, 516.6204833984375
2025/02/24 02:30, 2015.4296875, 2011.611083984375, 515.9910888671875
2025/02/24 02:45, 2015.513427734375, 2011.611083984375, 518.8025512695312
2025/02/24 03:00, 2015.4296875, 2011.611083984375, 517.3757934570312
2025/02/24 03:15, 2015.4296875, 2011.611083984375, 519.0962524414062
2025/02/24 03:30, 2015.555419921875, 2011.569091796875, 518.4668579101562
2025/02/24 03:45, 2015.513427734375, 2011.695068359375, 518.173095703125
2025/02/24 04:00, 2015.3876953125, 2011.569091796875, 519.8934936523438
2025/02/24 04:15, 2015.3876953125, 2011.653076171875, 518.8025512695312
2025/02/24 04:30, 2015.4716796875, 2011.611083984375, 516.704345703125
2025/02/24 04:45, 2015.4296875, 2011.4853515625, 521.0684814453125
2025/02/24 05:00, 2015.4716796875, 2011.611083984375, 520.103271484375
2025/02/24 05:15, 2015.4716796875, 2011.611083984375, 517.9212646484375
2025/02/24 05:30, 2015.4716796875, 2011.611083984375, 521.7398681640625
2025/02/24 05:45, 2015.4296875, 2011.611083984375, 520.3551025390625
2025/02/24 06:00, 2015.555419921875, 2011.77880859375, 520.56494140625
2025/02/24 06:15, 2015.3876953125, 2011.569091796875, 520.4390869140625
2025/02/24 06:30, 2015.4716796875, 2011.527099609375, 520.6488647460938
2025/02/24 06:45, 2015.4716796875, 2011.653076171875, 516.2847290039062
2025/02/24 07:00, 2015.4716796875, 2011.611083984375, 517.1659545898438
2025/02/24 07:15, 2015.513427734375, 2011.737060546875, 514.6062622070312
2025/02/24 07:30, 2015.4296875, 2011.569091796875, 507.178955078125
2025/02/24 07:45, 2015.4296875, 2011.569091796875, 497.6954345703125
2025/02/24 08:00, 2015.4716796875, 2011.527099609375, 486.11383056640625
2025/02/24 08:15, 2015.555419921875, 2011.611083984375, 473.56719970703125
2025/02/24 08:30, 2015.4716796875, 2011.611083984375, 466.60137939453125
2025/02/24 08:45, 2015.4296875, 2011.443359375, 455.27154541015625
2025/02/24 09:00, 2015.4716796875, 2011.4853515625, 445.07476806640625
2025/02/24 09:15, 2015.513427734375, 2011.401123046875, 433.912841796875
2025/02/24 09:30, 2015.513427734375, 2011.443359375, 424.80694580078125
2025/02/24 09:45, 2015.59765625, 2011.401123046875, 419.9393310546875
2025/02/24 10:00, 2015.555419921875, 2011.4853515625, 414.73602294921875
2025/02/24 10:15, 2015.513427734375, 2011.401123046875, 409.28094482421875
2025/02/24 10:30, 2015.59765625, 2011.4853515625, 403.23828125
2025/02/24 10:45, 2015.681396484375, 2011.4853515625, 397.86712646484375
2025/02/24 11:00, 2015.639404296875, 2011.4853515625, 397.9091796875
2025/02/24 11:15, 2015.513427734375, 2011.401123046875, 395.517333984375
2025/02/24 11:30, 2015.59765625, 2011.401123046875, 394.6781005859375
2025/02/24 11:45, 2015.639404296875, 2011.359375, 390.77557373046875
2025/02/24 12:00, 2015.639404296875, 2011.527099609375, 391.02728271484375
2025/02/24 12:15, 2015.59765625, 2011.443359375, 387.88018798828125
2025/02/24 12:30, 2015.681396484375, 2011.401123046875, 388.2158203125
2025/02/24 12:45, 2015.639404296875, 2011.401123046875, 386.20159912109375
2025/02/24 13:00, 2015.555419921875, 2011.275390625, 384.9427490234375
2025/02/24 13:15, 2015.59765625, 2011.359375, 386.78912353515625
2025/02/24 13:30, 2015.639404296875, 2011.359375, 384.81689453125
2025/02/24 13:45, 2015.681396484375, 2011.275390625, 388.2998046875
2025/02/24 14:00, 2015.59765625, 2011.275390625, 390.56573486328125
2025/02/24 14:15, 2015.513427734375, 2011.3173828125, 391.15313720703125
2025/02/24 14:30, 2015.59765625, 2011.401123046875, 392.2861328125
2025/02/24 14:45, 2015.59765625, 2011.359375, 397.573486328125
2025/02/24 15:00, 2015.59765625, 2011.359375, 398.6644287109375
2025/02/24 15:15, 2015.639404296875, 2011.401123046875, 390.90142822265625
2025/02/24 15:30, 2015.59765625, 2011.275390625, 393.41912841796875
2025/02/24 15:45, 2015.59765625, 2011.3173828125, 407.2247314453125
2025/02/24 16:00, 2015.59765625, 2011.359375, 409.239013671875
2025/02/24 16:15, 2015.555419921875, 2011.275390625, 406.5953369140625
2025/02/24 16:30, 2015.639404296875, 2011.443359375, 407.01495361328125
2025/02/24 16:45, 2015.59765625, 2011.443359375, 409.78448486328125
2025/02/24 17:00, 2015.513427734375, 2011.359375, 411.33709716796875
2025/02/24 17:15, 2015.4716796875, 2011.3173828125, 415.5333251953125
2025/02/24 17:30, 2015.555419921875, 2011.2333984375, 421.0303955078125
2025/02/24 17:45, 2015.513427734375, 2011.275390625, 424.72308349609375
2025/02/24 18:00, 2015.513427734375, 2011.275390625, 433.2833251953125
2025/02/24 18:15, 2015.513427734375, 2011.3173828125, 441.9696044921875
2025/02/24 18:30, 2015.4296875, 2011.275390625, 449.64862060546875
2025/02/24 18:45, 2015.3876953125, 2011.275390625, 459.090087890625
2025/02/24 19:00, 2015.513427734375, 2011.3173828125, 466.72723388671875
2025/02/24 19:15, 2015.3876953125, 2011.3173828125, 471.7208251953125
2025/02/24 19:30, 2015.3876953125, 2011.359375, 476.33660888671875
2025/02/24 19:45, 2015.4296875, 2011.401123046875, 484.561279296875
2025/02/24 20:00, 2015.4296875, 2011.4853515625, 488.1700439453125
2025/02/24 20:15, 2015.3037109375, 2011.4853515625, 490.100341796875
2025/02/24 20:30, 2015.3876953125, 2011.359375, 492.57611083984375
2025/02/24 20:45, 2015.4296875, 2011.4853515625, 497.98919677734375
2025/02/24 21:00, 2015.3037109375, 2011.4853515625, 501.63995361328125
2025/02/24 21:15, 2015.3876953125, 2011.527099609375, 502.8988037109375
2025/02/24 21:30, 2015.3876953125, 2011.443359375, 504.1995849609375
2025/02/24 21:45, 2015.345703125, 2011.4853515625, 509.0252685546875
2025/02/24 22:00, 2015.4716796875, 2011.4853515625, 508.35394287109375
2025/02/24 22:15, 2015.4716796875, 2011.611083984375, 509.864501953125
2025/02/24 22:30, 2015.4716796875, 2011.4853515625, 510.3680419921875
2025/02/24 22:45, 2015.4296875, 2011.569091796875, 515.1937866210938
2025/02/24 23:00, 2015.345703125, 2011.611083984375, 513.72509765625
2025/02/24 23:15, 2015.345703125, 2011.4853515625, 516.4107055664062
2025/02/24 23:30, 2015.4296875, 2011.527099609375, 515.403564453125
2025/02/24 23:45, 2015.3876953125, 2011.569091796875, 515.5294189453125
2025/02/25 00:00, 2015.4296875, 2011.611083984375, 517.543701171875
2025/02/25 00:15, 2015.4716796875, 2011.611083984375, 510.4520263671875
2025/02/25 00:30, 2015.4716796875, 2011.695068359375, 506.591552734375
2025/02/25 00:45, 2015.3876953125, 2011.695068359375, 508.81549072265625
2025/02/25 01:00, 2015.3876953125, 2011.569091796875, 510.95556640625
2025/02/25 01:15, 2015.555419921875, 2011.77880859375, 508.6475830078125
2025/02/25 01:30, 2015.513427734375, 2011.737060546875, 508.857421875
2025/02/25 01:45, 2015.513427734375, 2011.737060546875, 506.3397216796875
2025/02/25 02:00, 2015.513427734375, 2011.695068359375, 508.35394287109375
2025/02/25 02:15, 2015.4716796875, 2011.695068359375, 504.87103271484375
2025/02/25 02:30, 2015.4716796875, 2011.77880859375, 508.521728515625
2025/02/25 02:45, 2015.4716796875, 2011.653076171875, 506.42364501953125
2025/02/25 03:00, 2015.4716796875, 2011.737060546875, 508.3958740234375
2025/02/25 03:15, 2015.513427734375, 2011.653076171875, 509.9903564453125
2025/02/25 03:30, 2015.4716796875, 2011.653076171875, 511.0814208984375
2025/02/25 03:45, 2015.513427734375, 2011.737060546875, 508.94134521484375
2025/02/25 04:00, 2015.555419921875, 2011.695068359375, 514.8160400390625
2025/02/25 04:15, 2015.555419921875, 2011.737060546875, 512.9697265625
2025/02/25 04:30, 2015.555419921875, 2011.737060546875, 514.9000244140625
2025/02/25 04:45, 2015.513427734375, 2011.653076171875, 514.5643310546875
2025/02/25 05:00, 2015.555419921875, 2011.611083984375, 517.79541015625
2025/02/25 05:15, 2015.4716796875, 2011.569091796875, 515.6134033203125
2025/02/25 05:30, 2015.555419921875, 2011.611083984375, 515.361572265625
2025/02/25 05:45, 2015.555419921875, 2011.737060546875, 517.0401000976562
2025/02/25 06:00, 2015.513427734375, 2011.695068359375, 519.22216796875
2025/02/25 06:15, 2015.555419921875, 2011.653076171875, 518.0891723632812
2025/02/25 06:30, 2015.555419921875, 2011.695068359375, 518.047119140625
2025/02/25 06:45, 2015.513427734375, 2011.653076171875, 515.9071044921875
2025/02/25 07:00, 2015.4716796875, 2011.527099609375, 516.7882690429688
2025/02/25 07:15, 2015.4296875, 2011.695068359375, 512.3402709960938
2025/02/25 07:30, 2015.4716796875, 2011.611083984375, 503.52825927734375
2025/02/25 07:45, 2015.4716796875, 2011.737060546875, 494.38043212890625
2025/02/25 08:00, 2015.4716796875, 2011.611083984375, 480.40704345703125
2025/02/25 08:15, 2015.4296875, 2011.4853515625, 471.8466796875
2025/02/25 08:30, 2015.4296875, 2011.527099609375, 460.30706787109375
2025/02/25 08:45, 2015.4716796875, 2011.527099609375, 451.41107177734375
2025/02/25 09:00, 2015.555419921875, 2011.569091796875, 441.67584228515625
2025/02/25 09:15, 2015.513427734375, 2011.4853515625, 435.75909423828125
2025/02/25 09:30, 2015.513427734375, 2011.443359375, 425.4783935546875
2025/02/25 09:45, 2015.513427734375, 2011.4853515625, 419.3519287109375
2025/02/25 10:00, 2015.59765625, 2011.443359375, 410.74957275390625
2025/02/25 10:15, 2015.555419921875, 2011.443359375, 402.986572265625
2025/02/25 10:30, 2015.555419921875, 2011.443359375, 404.37127685546875
2025/02/25 10:45, 2015.59765625, 2011.4853515625, 399.0001220703125
2025/02/25 11:00, 2015.681396484375, 2011.443359375, 394.46826171875
2025/02/25 11:15, 2015.59765625, 2011.3173828125, 391.69873046875
2025/02/25 11:30, 2015.639404296875, 2011.443359375, 388.1739501953125
2025/02/25 11:45, 2015.59765625, 2011.401123046875, 386.873046875
2025/02/25 12:00, 2015.555419921875, 2011.275390625, 386.83111572265625
2025/02/25 12:15, 2015.59765625, 2011.3173828125, 387.16680908203125
2025/02/25 12:30, 2015.555419921875, 2011.359375, 385.6561279296875
2025/02/25 12:45, 2015.639404296875, 2011.275390625, 385.44635009765625
2025/02/25 13:00, 2015.639404296875, 2011.401123046875, 386.3695068359375
2025/02/25 13:15, 2015.639404296875, 2011.359375, 384.98480224609375
2025/02/25 13:30, 2015.513427734375, 2011.401123046875, 387.922119140625
2025/02/25 13:45, 2015.639404296875, 2011.3173828125, 386.9989013671875
2025/02/25 14:00, 2015.59765625, 2011.275390625, 390.943359375
2025/02/25 14:15, 2015.639404296875, 2011.401123046875, 390.31390380859375
2025/02/25 14:30, 2015.555419921875, 2011.4853515625, 392.32818603515625
2025/02/25 14:45, 2015.59765625, 2011.401123046875, 391.15313720703125
2025/02/25 15:00, 2015.639404296875, 2011.359375, 397.23773193359375
2025/02/25 15:15, 2015.4716796875, 2011.3173828125, 396.230712890625
2025/02/25 15:30, 2015.555419921875, 2011.3173828125, 396.90203857421875
2025/02/25 15:45, 2015.555419921875, 2011.443359375, 400.4688720703125
2025/02/25 16:00, 2015.4716796875, 2011.3173828125, 399.7135009765625
2025/02/25 16:15, 2015.4716796875, 2011.3173828125, 403.02850341796875
2025/02/25 16:30, 2015.59765625, 2011.401123046875, 403.19635009765625
2025/02/25 16:45, 2015.513427734375, 2011.359375, 404.5391845703125
2025/02/25 17:00, 2015.555419921875, 2011.401123046875, 409.32281494140625
2025/02/25 17:15, 2015.639404296875, 2011.275390625, 411.295166015625
2025/02/25 17:30, 2015.513427734375, 2011.19140625, 416.4564208984375
2025/02/25 17:45, 2015.513427734375, 2011.2333984375, 421.9954833984375
2025/02/25 18:00, 2015.513427734375, 2011.3173828125, 427.1988525390625
2025/02/25 18:15, 2015.3876953125, 2011.2333984375, 436.0528564453125
2025/02/25 18:30, 2015.4296875, 2011.1494140625, 443.14447021484375
2025/02/25 18:45, 2015.4296875, 2011.3173828125, 454.80999755859375
2025/02/25 19:00, 2015.4716796875, 2011.3173828125, 458.79644775390625
2025/02/25 19:15, 2015.345703125, 2011.401123046875, 466.3076171875
2025/02/25 19:30, 2015.3876953125, 2011.3173828125, 473.10552978515625
2025/02/25 19:45, 2015.3037109375, 2011.359375, 479.5257568359375
2025/02/25 20:00, 2015.4296875, 2011.443359375, 482.2952880859375
2025/02/25 20:15, 2015.345703125, 2011.443359375, 487.246826171875
2025/02/25 20:30, 2015.345703125, 2011.443359375, 489.47088623046875
2025/02/25 20:45, 2015.3037109375, 2011.401123046875, 491.1912841796875
2025/02/25 21:00, 2015.3876953125, 2011.4853515625, 495.429443359375
2025/02/25 21:15, 2015.3876953125, 2011.401123046875, 498.66064453125
2025/02/25 21:30, 2015.26171875, 2011.443359375, 502.017578125
2025/02/25 21:45, 2015.3876953125, 2011.4853515625, 502.47918701171875
2025/02/25 22:00, 2015.345703125, 2011.527099609375, 508.73150634765625
2025/02/25 22:15, 2015.4296875, 2011.569091796875, 508.47979736328125
2025/02/25 22:30, 2015.3876953125, 2011.4853515625, 508.8994140625
2025/02/25 22:45, 2015.3876953125, 2011.401123046875, 509.3609619140625
2025/02/25 23:00, 2015.4716796875, 2011.527099609375, 511.7947998046875
2025/02/25 23:15, 2015.4716796875, 2011.611083984375, 513.0536499023438
2025/02/25 23:30, 2015.4716796875, 2011.611083984375, 515.6973266601562
2025/02/25 23:45, 2015.4716796875, 2011.569091796875, 517.417724609375
2025/02/26 00:00, 2015.4296875, 2011.4853515625, 516.2008666992188
2025/02/26 00:15, 2015.345703125, 2011.527099609375, 518.3829345703125
2025/02/26 00:30, 2015.4716796875, 2011.569091796875, 518.7185668945312
2025/02/26 00:45, 2015.513427734375, 2011.653076171875, 517.0401000976562
2025/02/26 01:00, 2015.4716796875, 2011.611083984375, 515.2356567382812
2025/02/26 01:15, 2015.4716796875, 2011.569091796875, 517.9633178710938
2025/02/26 01:30, 2015.4296875, 2011.569091796875, 517.6695556640625
2025/02/26 01:45, 2015.4296875, 2011.569091796875, 517.5016479492188
2025/02/26 02:00, 2015.4296875, 2011.527099609375, 515.8651123046875
2025/02/26 02:15, 2015.3876953125, 2011.611083984375, 515.9490356445312
2025/02/26 02:30, 2015.4716796875, 2011.611083984375, 517.3757934570312
2025/02/26 02:45, 2015.4716796875, 2011.569091796875, 517.2918701171875
2025/02/26 03:00, 2015.4716796875, 2011.611083984375, 516.704345703125
2025/02/26 03:15, 2015.4716796875, 2011.569091796875, 520.1453247070312
2025/02/26 03:30, 2015.555419921875, 2011.653076171875, 516.7882690429688
2025/02/26 03:45, 2015.4296875, 2011.569091796875, 518.2150268554688
2025/02/26 04:00, 2015.4716796875, 2011.569091796875, 517.8373413085938
2025/02/26 04:15, 2015.513427734375, 2011.569091796875, 516.4945068359375
2025/02/26 04:30, 2015.345703125, 2011.611083984375, 517.8373413085938
2025/02/26 04:45, 2015.4716796875, 2011.569091796875, 517.9212646484375
2025/02/26 05:00, 2015.4296875, 2011.569091796875, 518.173095703125
2025/02/26 05:15, 2015.4296875, 2011.527099609375, 519.2640380859375
2025/02/26 05:30, 2015.4296875, 2011.611083984375, 516.4107055664062
2025/02/26 05:45, 2015.555419921875, 2011.611083984375, 516.2008666992188
2025/02/26 06:00, 2015.4296875, 2011.611083984375, 515.1517333984375
2025/02/26 06:15, 2015.4716796875, 2011.569091796875, 518.047119140625
2025/02/26 06:30, 2015.4716796875, 2011.569091796875, 514.9419555664062
2025/02/26 06:45, 2015.513427734375, 2011.611083984375, 515.1517333984375
2025/02/26 07:00, 2015.4716796875, 2011.569091796875, 514.1866455078125
2025/02/26 07:15, 2015.4716796875, 2011.695068359375, 510.326171875
2025/02/26 07:30, 2015.513427734375, 2011.569091796875, 502.81488037109375
2025/02/26 07:45, 2015.513427734375, 2011.611083984375, 490.9395751953125
2025/02/26 08:00, 2015.513427734375, 2011.611083984375, 479.1900634765625
2025/02/26 08:15, 2015.4716796875, 2011.443359375, 469.412841796875
2025/02/26 08:30, 2015.4716796875, 2011.443359375, 460.0133056640625
2025/02/26 08:45, 2015.4296875, 2011.443359375, 448.9771728515625
2025/02/26 09:00, 2015.4716796875, 2011.401123046875, 439.8294677734375
2025/02/26 09:15, 2015.4296875, 2011.401123046875, 432.77984619140625
2025/02/26 09:30, 2015.4716796875, 2011.401123046875, 426.947021484375
2025/02/26 09:45, 2015.4716796875, 2011.443359375, 421.32415771484375
2025/02/26 10:00, 2015.555419921875, 2011.401123046875, 412.595947265625
2025/02/26 10:15, 2015.513427734375, 2011.359375, 411.00140380859375
2025/02/26 10:30, 2015.555419921875, 2011.443359375, 402.73486328125
2025/02/26 10:45, 2015.513427734375, 2011.359375, 400.552734375
2025/02/26 11:00, 2015.513427734375, 2011.401123046875, 398.37066650390625
2025/02/26 11:15, 2015.555419921875, 2011.3173828125, 399.46173095703125
2025/02/26 11:30, 2015.513427734375, 2011.359375, 396.0208740234375
2025/02/26 11:45, 2015.513427734375, 2011.19140625, 390.8175048828125
2025/02/26 12:00, 2015.555419921875, 2011.359375, 389.09710693359375
2025/02/26 12:15, 2015.555419921875, 2011.359375, 388.84527587890625
2025/02/26 12:30, 2015.513427734375, 2011.275390625, 390.9853515625
2025/02/26 12:45, 2015.639404296875, 2011.401123046875, 391.23712158203125
2025/02/26 13:00, 2015.639404296875, 2011.443359375, 392.24420166015625
2025/02/26 13:15, 2015.639404296875, 2011.3173828125, 393.88079833984375
2025/02/26 13:30, 2015.639404296875, 2011.443359375, 389.8524169921875
2025/02/26 13:45, 2015.59765625, 2011.359375, 391.57275390625
2025/02/26 14:00, 2015.59765625, 2011.3173828125, 393.9647216796875
2025/02/26 14:15, 2015.513427734375, 2011.3173828125, 396.2725830078125
2025/02/26 14:30, 2015.59765625, 2011.275390625, 396.52435302734375
2025/02/26 14:45, 2015.555419921875, 2011.275390625, 397.0699462890625
2025/02/26 15:00, 2015.59765625, 2011.3173828125, 397.19580078125
2025/02/26 15:15, 2015.555419921875, 2011.359375, 400.7205810546875
2025/02/26 15:30, 2015.513427734375, 2011.401123046875, 400.4268798828125
2025/02/26 15:45, 2015.513427734375, 2011.359375, 400.88848876953125
2025/02/26 16:00, 2015.4716796875, 2011.359375, 404.28741455078125
2025/02/26 16:15, 2015.555419921875, 2011.401123046875, 404.83294677734375
2025/02/26 16:30, 2015.4296875, 2011.275390625, 404.24542236328125
2025/02/26 16:45, 2015.4716796875, 2011.359375, 404.5391845703125
2025/02/26 17:00, 2015.4296875, 2011.275390625, 409.49072265625
2025/02/26 17:15, 2015.555419921875, 2011.2333984375, 414.02264404296875
2025/02/26 17:30, 2015.4716796875, 2011.3173828125, 417.96710205078125
2025/02/26 17:45, 2015.3876953125, 2011.2333984375, 420.23309326171875
2025/02/26 18:00, 2015.4716796875, 2011.19140625, 428.96124267578125
2025/02/26 18:15, 2015.4716796875, 2011.3173828125, 436.6822509765625
2025/02/26 18:30, 2015.3876953125, 2011.3173828125, 443.52215576171875
2025/02/26 18:45, 2015.3876953125, 2011.401123046875, 453.84490966796875
2025/02/26 19:00, 2015.3876953125, 2011.275390625, 463.37030029296875
2025/02/26 19:15, 2015.345703125, 2011.275390625, 468.86737060546875
2025/02/26 19:30, 2015.345703125, 2011.359375, 474.7420654296875
2025/02/26 19:45, 2015.3876953125, 2011.401123046875, 475.11981201171875
2025/02/26 20:00, 2015.345703125, 2011.359375, 482.3372802734375
2025/02/26 20:15, 2015.3876953125, 2011.4853515625, 483.59613037109375
2025/02/26 20:30, 2015.3876953125, 2011.527099609375, 490.05828857421875
2025/02/26 20:45, 2015.3037109375, 2011.527099609375, 493.28948974609375
2025/02/26 21:00, 2015.4296875, 2011.4853515625, 498.4088134765625
2025/02/26 21:15, 2015.345703125, 2011.443359375, 505.5423583984375
2025/02/26 21:30, 2015.4296875, 2011.443359375, 505.33258056640625
2025/02/26 21:45, 2015.4296875, 2011.527099609375, 506.7174072265625
2025/02/26 22:00, 2015.3876953125, 2011.359375, 508.521728515625
2025/02/26 22:15, 2015.4296875, 2011.527099609375, 509.7386474609375
2025/02/26 22:30, 2015.3876953125, 2011.4853515625, 514.0187377929688
2025/02/26 22:45, 2015.4716796875, 2011.4853515625, 513.0536499023438
2025/02/26 23:00, 2015.3876953125, 2011.527099609375, 513.01171875
2025/02/26 23:15, 2015.345703125, 2011.4853515625, 514.5223388671875
2025/02/26 23:30, 2015.4296875, 2011.569091796875, 515.7392578125
2025/02/26 23:45, 2015.3876953125, 2011.527099609375, 518.0051879882812
2025/02/27 00:00, 2015.4296875, 2011.611083984375, 520.9845581054688
2025/02/27 00:15, 2015.4296875, 2011.611083984375, 515.2777099609375
2025/02/27 00:30, 2015.555419921875, 2011.695068359375, 511.33319091796875
2025/02/27 00:45, 2015.4716796875, 2011.653076171875, 514.690185546875
2025/02/27 01:00, 2015.4296875, 2011.695068359375, 514.4804077148438
2025/02/27 01:15, 2015.4716796875, 2011.611083984375, 512.4661254882812
2025/02/27 01:30, 2015.513427734375, 2011.695068359375, 510.53594970703125
2025/02/27 01:45, 2015.513427734375, 2011.695068359375, 508.857421875
2025/02/27 02:00, 2015.513427734375, 2011.611083984375, 509.4869384765625
2025/02/27 02:15, 2015.4716796875, 2011.695068359375, 512.5921020507812
2025/02/27 02:30, 2015.513427734375, 2011.77880859375, 509.61279296875
2025/02/27 02:45, 2015.513427734375, 2011.695068359375, 508.35394287109375
2025/02/27 03:00, 2015.3876953125, 2011.653076171875, 508.857421875
2025/02/27 03:15, 2015.3876953125, 2011.695068359375, 510.28411865234375
2025/02/27 03:30, 2015.4296875, 2011.737060546875, 508.563720703125
2025/02/27 03:45, 2015.4296875, 2011.737060546875, 510.74578857421875
2025/02/27 04:00, 2015.4716796875, 2011.653076171875, 510.03240966796875
2025/02/27 04:15, 2015.4716796875, 2011.611083984375, 510.28411865234375
2025/02/27 04:30, 2015.3876953125, 2011.653076171875, 512.5921020507812
2025/02/27 04:45, 2015.3876953125, 2011.653076171875, 514.8580932617188
2025/02/27 05:00, 2015.4716796875, 2011.653076171875, 513.6411743164062
2025/02/27 05:15, 2015.4296875, 2011.737060546875, 513.2215576171875
2025/02/27 05:30, 2015.4716796875, 2011.611083984375, 514.5223388671875
2025/02/27 05:45, 2015.513427734375, 2011.695068359375, 515.1937866210938
2025/02/27 06:00, 2015.4716796875, 2011.737060546875, 515.2777099609375
2025/02/27 06:15, 2015.4716796875, 2011.77880859375, 516.45263671875
2025/02/27 06:30, 2015.3876953125, 2011.611083984375, 512.0885620117188
2025/02/27 06:45, 2015.4716796875, 2011.695068359375, 514.1027221679688
2025/02/27 07:00, 2015.3876953125, 2011.695068359375, 511.6689453125
2025/02/27 07:15, 2015.4296875, 2011.695068359375, 508.22796630859375
2025/02/27 07:30, 2015.4716796875, 2011.653076171875, 500.17120361328125
2025/02/27 07:45, 2015.513427734375, 2011.695068359375, 487.41473388671875
2025/02/27 08:00, 2015.513427734375, 2011.611083984375, 479.148193359375
2025/02/27 08:15, 2015.513427734375, 2011.527099609375, 469.20306396484375
2025/02/27 08:30, 2015.4716796875, 2011.695068359375, 458.208984375
2025/02/27 08:45, 2015.513427734375, 2011.611083984375, 445.3685302734375
2025/02/27 09:00, 2015.4716796875, 2011.569091796875, 438.78045654296875
2025/02/27 09:15, 2015.4296875, 2011.527099609375, 429.63262939453125
2025/02/27 09:30, 2015.4296875, 2011.443359375, 420.44287109375
2025/02/27 09:45, 2015.4716796875, 2011.443359375, 412.42803955078125
2025/02/27 10:00, 2015.4716796875, 2011.527099609375, 408.77734375
2025/02/27 10:15, 2015.513427734375, 2011.443359375, 405.71405029296875
2025/02/27 10:30, 2015.3876953125, 2011.443359375, 402.90264892578125
2025/02/27 10:45, 2015.513427734375, 2011.359375, 398.0350341796875
2025/02/27 11:00, 2015.513427734375, 2011.443359375, 395.391357421875
2025/02/27 11:15, 2015.513427734375, 2011.443359375, 392.2861328125
2025/02/27 11:30, 2015.4716796875, 2011.401123046875, 390.18804931640625
2025/02/27 11:45, 2015.59765625, 2011.4853515625, 388.46759033203125
2025/02/27 12:00, 2015.513427734375, 2011.4853515625, 389.01318359375
2025/02/27 12:15, 2015.59765625, 2011.4853515625, 388.0899658203125
2025/02/27 12:30, 2015.59765625, 2011.359375, 386.95703125
2025/02/27 12:45, 2015.639404296875, 2011.4853515625, 386.95703125
2025/02/27 13:00, 2015.59765625, 2011.401123046875, 386.95703125
2025/02/27 13:15, 2015.513427734375, 2011.443359375, 387.54443359375
2025/02/27 13:30, 2015.59765625, 2011.443359375, 386.1177978515625
2025/02/27 13:45, 2015.59765625, 2011.275390625, 388.6773681640625
2025/02/27 14:00, 2015.513427734375, 2011.359375, 390.43988037109375
2025/02/27 14:15, 2015.555419921875, 2011.401123046875, 391.02728271484375
2025/02/27 14:30, 2015.513427734375, 2011.3173828125, 394.5521240234375
2025/02/27 14:45, 2015.513427734375, 2011.401123046875, 394.63604736328125
2025/02/27 15:00, 2015.513427734375, 2011.443359375, 392.663818359375
2025/02/27 15:15, 2015.59765625, 2011.401123046875, 394.5521240234375
2025/02/27 15:30, 2015.513427734375, 2011.3173828125, 396.65032958984375
2025/02/27 15:45, 2015.513427734375, 2011.359375, 397.9510498046875
2025/02/27 16:00, 2015.639404296875, 2011.443359375, 397.86712646484375
2025/02/27 16:15, 2015.639404296875, 2011.401123046875, 395.68511962890625
2025/02/27 16:30, 2015.513427734375, 2011.359375, 399.41973876953125
2025/02/27 16:45, 2015.639404296875, 2011.401123046875, 399.629638671875
2025/02/27 17:00, 2015.555419921875, 2011.401123046875, 402.5250244140625
2025/02/27 17:15, 2015.513427734375, 2011.3173828125, 404.413330078125
2025/02/27 17:30, 2015.4716796875, 2011.275390625, 408.35772705078125
2025/02/27 17:45, 2015.513427734375, 2011.275390625, 410.539794921875
2025/02/27 18:00, 2015.4716796875, 2011.275390625, 415.8270263671875
2025/02/27 18:15, 2015.555419921875, 2011.3173828125, 424.47125244140625
2025/02/27 18:30, 2015.4716796875, 2011.443359375, 437.10186767578125
2025/02/27 18:45, 2015.4296875, 2011.3173828125, 444.9908447265625
2025/02/27 19:00, 2015.4296875, 2011.401123046875, 454.30645751953125
2025/02/27 19:15, 2015.3876953125, 2011.359375, 462.86676025390625
2025/02/27 19:30, 2015.4296875, 2011.359375, 465.63629150390625
2025/02/27 19:45, 2015.4296875, 2011.443359375, 469.6226806640625
2025/02/27 20:00, 2015.3876953125, 2011.443359375, 474.4903564453125
2025/02/27 20:15, 2015.4296875, 2011.4853515625, 477.8472900390625
2025/02/27 20:30, 2015.3876953125, 2011.443359375, 483.134521484375
2025/02/27 20:45, 2015.4296875, 2011.527099609375, 486.44952392578125
2025/02/27 21:00, 2015.4716796875, 2011.569091796875, 488.4637451171875
2025/02/27 21:15, 2015.4296875, 2011.527099609375, 488.421875
2025/02/27 21:30, 2015.4296875, 2011.611083984375, 492.156494140625
2025/02/27 21:45, 2015.4296875, 2011.4853515625, 493.9608154296875
2025/02/27 22:00, 2015.4296875, 2011.611083984375, 495.93304443359375
2025/02/27 22:15, 2015.345703125, 2011.4853515625, 497.3597412109375
2025/02/27 22:30, 2015.4716796875, 2011.653076171875, 500.63287353515625
2025/02/27 22:45, 2015.4296875, 2011.653076171875, 503.3603515625
2025/02/27 23:00, 2015.3876953125, 2011.611083984375, 499.83551025390625
2025/02/27 23:15, 2015.4716796875, 2011.527099609375, 502.395263671875
2025/02/27 23:30, 2015.4716796875, 2011.569091796875, 504.24163818359375
2025/02/27 23:45, 2015.4716796875, 2011.695068359375, 505.08087158203125
2025/02/28 00:00, 2015.4296875, 2011.611083984375, 507.01116943359375
2025/02/28 00:15, 2015.4296875, 2011.569091796875, 507.38873291015625
2025/02/28 00:30, 2015.4296875, 2011.611083984375, 507.85040283203125
2025/02/28 00:45, 2015.4296875, 2011.695068359375, 508.47979736328125
2025/02/28 01:00, 2015.4296875, 2011.611083984375, 506.29779052734375
2025/02/28 01:15, 2015.4296875, 2011.611083984375, 507.3048095703125
2025/02/28 01:30, 2015.345703125, 2011.527099609375, 506.08795166015625
2025/02/28 01:45, 2015.4716796875, 2011.569091796875, 506.42364501953125
2025/02/28 02:00, 2015.555419921875, 2011.695068359375, 505.5423583984375
2025/02/28 02:15, 2015.4716796875, 2011.611083984375, 506.7174072265625
2025/02/28 02:30, 2015.513427734375, 2011.695068359375, 505.794189453125
2025/02/28 02:45, 2015.4296875, 2011.611083984375, 505.20672607421875
2025/02/28 03:00, 2015.4716796875, 2011.611083984375, 505.96197509765625
2025/02/28 03:15, 2015.4716796875, 2011.737060546875, 507.76641845703125
2025/02/28 03:30, 2015.4716796875, 2011.737060546875, 506.465576171875
2025/02/28 03:45, 2015.513427734375, 2011.653076171875, 503.52825927734375
2025/02/28 04:00, 2015.59765625, 2011.77880859375, 505.96197509765625
2025/02/28 04:15, 2015.555419921875, 2011.653076171875, 506.21380615234375
2025/02/28 04:30, 2015.513427734375, 2011.695068359375, 504.9549560546875
2025/02/28 04:45, 2015.4716796875, 2011.569091796875, 504.15765380859375
2025/02/28 05:00, 2015.4716796875, 2011.695068359375, 506.92718505859375
2025/02/28 05:15, 2015.513427734375, 2011.695068359375, 503.5701904296875
2025/02/28 05:30, 2015.513427734375, 2011.695068359375, 505.83612060546875
2025/02/28 05:45, 2015.513427734375, 2011.737060546875, 503.696044921875
2025/02/28 06:00, 2015.3876953125, 2011.653076171875, 506.9691162109375
2025/02/28 06:15, 2015.59765625, 2011.695068359375, 506.1298828125
2025/02/28 06:30, 2015.4716796875, 2011.653076171875, 505.164794921875
2025/02/28 06:45, 2015.513427734375, 2011.737060546875, 503.696044921875
2025/02/28 07:00, 2015.513427734375, 2011.737060546875, 503.06658935546875
2025/02/28 07:15, 2015.555419921875, 2011.737060546875, 496.3526611328125
2025/02/28 07:30, 2015.513427734375, 2011.695068359375, 491.9466552734375
2025/02/28 07:45, 2015.59765625, 2011.695068359375, 483.55413818359375
2025/02/28 08:00, 2015.639404296875, 2011.695068359375, 470.92352294921875
2025/02/28 08:15, 2015.555419921875, 2011.611083984375, 463.4122314453125
2025/02/28 08:30, 2015.513427734375, 2011.569091796875, 454.34844970703125
2025/02/28 08:45, 2015.4296875, 2011.4853515625, 444.36138916015625
2025/02/28 09:00, 2015.513427734375, 2011.611083984375, 436.17877197265625
2025/02/28 09:15, 2015.4716796875, 2011.569091796875, 428.4996337890625
2025/02/28 09:30, 2015.513427734375, 2011.4853515625, 417.67333984375
2025/02/28 09:45, 2015.4716796875, 2011.527099609375, 414.31640625
2025/02/28 10:00, 2015.59765625, 2011.443359375, 406.2596435546875
2025/02/28 10:15, 2015.513427734375, 2011.527099609375, 404.95880126953125
2025/02/28 10:30, 2015.59765625, 2011.4853515625, 401.30810546875
2025/02/28 10:45, 2015.513427734375, 2011.443359375, 397.78326416015625
2025/02/28 11:00, 2015.59765625, 2011.443359375, 395.55926513671875
2025/02/28 11:15, 2015.59765625, 2011.401123046875, 386.95703125
2025/02/28 11:30, 2015.4716796875, 2011.359375, 385.57220458984375
2025/02/28 11:45, 2015.59765625, 2011.359375, 387.58642578125
2025/02/28 12:00, 2015.555419921875, 2011.401123046875, 387.37664794921875
2025/02/28 12:15, 2015.555419921875, 2011.401123046875, 384.3553466796875
2025/02/28 12:30, 2015.639404296875, 2011.401123046875, 384.06158447265625
2025/02/28 12:45, 2015.513427734375, 2011.443359375, 379.82342529296875
2025/02/28 13:00, 2015.555419921875, 2011.4853515625, 380.70458984375
2025/02/28 13:15, 2015.681396484375, 2011.443359375, 381.50189208984375
2025/02/28 13:30, 2015.513427734375, 2011.4853515625, 385.57220458984375
2025/02/28 13:45, 2015.513427734375, 2011.401123046875, 386.83111572265625
2025/02/28 14:00, 2015.555419921875, 2011.359375, 387.62835693359375
2025/02/28 14:15, 2015.4716796875, 2011.401123046875, 388.4256591796875
2025/02/28 14:30, 2015.555419921875, 2011.4853515625, 392.07635498046875
2025/02/28 14:45, 2015.555419921875, 2011.401123046875, 393.67095947265625
2025/02/28 15:00, 2015.59765625, 2011.4853515625, 389.68450927734375
2025/02/28 15:15, 2015.59765625, 2011.401123046875, 390.1461181640625
2025/02/28 15:30, 2015.555419921875, 2011.443359375, 387.0828857421875
2025/02/28 15:45, 2015.513427734375, 2011.443359375, 386.7052001953125
2025/02/28 16:00, 2015.59765625, 2011.401123046875, 386.621337890625
2025/02/28 16:15, 2015.555419921875, 2011.443359375, 387.250732421875
2025/02/28 16:30, 2015.513427734375, 2011.443359375, 388.0479736328125
2025/02/28 16:45, 2015.639404296875, 2011.401123046875, 387.4605712890625
2025/02/28 17:00, 2015.513427734375, 2011.359375, 389.93634033203125
2025/02/28 17:15, 2015.4716796875, 2011.401123046875, 393.7548828125
2025/02/28 17:30, 2015.513427734375, 2011.275390625, 400.259033203125
2025/02/28 17:45, 2015.513427734375, 2011.3173828125, 401.68572998046875
2025/02/28 18:00, 2015.4296875, 2011.19140625, 408.6514892578125
2025/02/28 18:15, 2015.4296875, 2011.401123046875, 421.70172119140625
2025/02/28 18:30, 2015.4296875, 2011.359375, 432.6959228515625
2025/02/28 18:45, 2015.3876953125, 2011.359375, 441.80169677734375
2025/02/28 19:00, 2015.3876953125, 2011.443359375, 450.278076171875
2025/02/28 19:15, 2015.3876953125, 2011.401123046875, 457.70538330078125
2025/02/28 19:30, 2015.345703125, 2011.4853515625, 464.96484375
2025/02/28 19:45, 2015.3876953125, 2011.4853515625, 472.56005859375
2025/02/28 20:00, 2015.345703125, 2011.527099609375, 473.1475830078125
2025/02/28 20:15, 2015.4296875, 2011.527099609375, 477.3857421875
2025/02/28 20:30, 2015.3876953125, 2011.4853515625, 480.490966796875
2025/02/28 20:45, 2015.4296875, 2011.443359375, 483.51220703125
2025/02/28 21:00, 2015.4296875, 2011.527099609375, 487.4566650390625
2025/02/28 21:15, 2015.345703125, 2011.527099609375, 490.100341796875
2025/02/28 21:30, 2015.3876953125, 2011.4853515625, 490.89764404296875
2025/02/28 21:45, 2015.345703125, 2011.569091796875, 492.95367431640625
2025/02/28 22:00, 2015.4296875, 2011.569091796875, 494.926025390625
2025/02/28 22:15, 2015.4716796875, 2011.569091796875, 498.11505126953125
2025/02/28 22:30, 2015.4716796875, 2011.611083984375, 497.14996337890625
2025/02/28 22:45, 2015.513427734375, 2011.611083984375, 502.9827880859375
2025/02/28 23:00, 2015.4716796875, 2011.527099609375, 504.3255615234375
2025/02/28 23:15, 2015.513427734375, 2011.611083984375, 505.96197509765625
2025/02/28 23:30, 2015.555419921875, 2011.653076171875, 506.3397216796875
2025/02/28 23:45, 2015.4716796875, 2011.611083984375, 506.0040283203125
